<?xml version="1.0" encoding="UTF-8"?>
<xforms xmlns:mvc="http://www.hyfinity.com/mvc" xmlns="http://www.hyfinity.com/formmaker">
	<instance_configuration />
	<page />
	<element name="ResultActionWorkitemtErrorMessage">
		<description />
		<fm:transform_xpath xmlns:fm="http://www.hyfinity.com/formmaker">/mvc:eForm/mvc:Data/mvc:formData/mvc:ResultActionWorkitemtErrorMessage</fm:transform_xpath>
		<fm:action name="actionWorkitem" xmlns:fm="http://www.hyfinity.com/formmaker">
			<fm:xform_xpath>/mvc:eForm/mvc:Data/mvc:formData/mvc:ResultActionWorkitemtErrorMessage</fm:xform_xpath>
		</fm:action>
	</element>
</xforms>
