<?xml version="1.0" encoding="UTF-8"?>
<hy:rulebase cache="false" context="/" disable="true" forward_chain="false" return="/" xmlns="http://www.hyfinity.com/xstore" xmlns:hy="http://www.hyfinity.com/xengine" xmlns:mvc="http://www.hyfinity.com/mvc" xmlns:xg="http://www.hyfinity.com/xgate" xmlns:xs="http://www.w3.org/2001/XMLSchema">
	<hy:rule base="modified" desc="Writes the page xsl information to be used for screen display" disable="false" id="write_targetPage_NewForm_rule" priority="12">
		<hy:head>
			<hy:result disable="false" id="write_data">
				<hy:operator>Write</hy:operator>
				<hy:target action="write" name="factbase" update="append">
					<hy:params>
						<hy:param name="value" type="java.lang.String">NewForm.xsl</hy:param>
						<hy:param name="to_location" type="com.hyfinity.xpath.XPath">/mvc:eForm/mvc:Control/mvc:Page</hy:param>
					</hy:params>
				</hy:target>
			</hy:result>
		</hy:head>
		<hy:body>
			<hy:clause id="check_data" multiple="false">
				<hy:operator>Read</hy:operator>
				<hy:target action="eval" name="factbase">
					<hy:params>
						<hy:param name="xpath_expression" type="com.hyfinity.xpath.XPath">/mvc:eForm/mvc:Data/sql_result/statement/status/record_count[.=1]</hy:param>
					</hy:params>
				</hy:target>
			</hy:clause>
		</hy:body>
	</hy:rule>
	<hy:rule base="modified" desc="Writes the page xsl information to be used for screen display" disable="false" id="write_targetPage_ExceptionForm_rule" priority="15">
		<hy:head>
			<hy:result disable="false" id="write_data">
				<hy:operator>Write</hy:operator>
				<hy:target action="write" name="factbase" update="append">
					<hy:params>
						<hy:param name="value" type="java.lang.String">ExceptionForm.xsl</hy:param>
						<hy:param name="to_location" type="com.hyfinity.xpath.XPath">/mvc:eForm/mvc:Control/mvc:Page</hy:param>
					</hy:params>
				</hy:target>
			</hy:result>
		</hy:head>
		<hy:body>
			<hy:clause id="check_data" multiple="false">
				<hy:operator>Read</hy:operator>
				<hy:target action="eval" name="factbase">
					<hy:params>
						<hy:param name="xpath_expression" type="com.hyfinity.xpath.XPath">/mvc:eForm/mvc:Data/sql_result/statement/status/record_count[.=0]</hy:param>
					</hy:params>
				</hy:target>
			</hy:clause>
		</hy:body>
	</hy:rule>
	<hy:rule base="custom" desc="" disable="false" id="retrieve_form_data" priority="8">
		<hy:head>
			<hy:result disable="false" id="get_form_data_from_db">
				<hy:operator>SQL</hy:operator>
				<hy:target action="Query" name="mvc-ihs_forward-workflowdb-Database" update="append">
					<hy:params>
						<hy:param name="sql_statement" type="java.lang.String">SELECT F.ID, EXTRACT(F.FIELD_DATA, '/').GETCLOBVAL() AS FIELD_DATA_CLOB
FROM HHS_IHS_HR.FORM_DTL F, WITEM W 
WHERE W.PROCID = $procid
  AND W.ACTSEQ = $activityid
  AND W.WITEMSEQ = $workitemseq
  AND W.STATE IN ('I','R','P','V')
  AND F.PROCID = W.PROCID</hy:param>
						<hy:param name="to_location" type="com.hyfinity.xpath.XPath">/mvc:eForm/mvc:Data</hy:param>
						<hy:param name="$procid" type="int">/mvc:eForm/mvc:Control/mvc:procid</hy:param>
						<hy:param name="$activityid" type="int">/mvc:eForm/mvc:Control/mvc:activityid</hy:param>
						<hy:param name="$workitemseq" type="int">/mvc:eForm/mvc:Control/mvc:workitemseq</hy:param>
					</hy:params>
				</hy:target>
			</hy:result>
			<hy:result disable="false" id="rename_formdata_result">
				<hy:operator>Rename</hy:operator>
				<hy:target action="rename" name="factbase" update="">
					<hy:params>
						<hy:param name="location" type="com.hyfinity.xpath.XPath">/mvc:eForm/mvc:Data/sql_result/statement/record</hy:param>
						<hy:param name="new_name" type="java.lang.String">FORM_DATA</hy:param>
						<hy:param name="new_namespace" type="java.lang.String" />
					</hy:params>
				</hy:target>
			</hy:result>
			<hy:result disable="false" id="move_form_data_document">
				<hy:operator>Move</hy:operator>
				<hy:target action="add" name="factbase" update="replace">
					<hy:params>
						<hy:param name="from_location" type="com.hyfinity.xpath.XPath">/mvc:eForm/mvc:Data/sql_result/statement/FORM_DATA</hy:param>
						<hy:param name="to_location" type="com.hyfinity.xpath.XPath">/mvc:eForm/mvc:Data/FORM_DATA</hy:param>
					</hy:params>
				</hy:target>
			</hy:result>
			<hy:result disable="true" id="convert_xml_to_string">
				<hy:operator>XMLStringConverter</hy:operator>
				<hy:target action="update" name="factbase" update="">
					<hy:params>
						<hy:param name="location" type="com.hyfinity.xpath.XPath">/mvc:eForm/mvc:Data/FORM_DATA/FIELD_DATA_CLOB/*</hy:param>
						<hy:param name="mode" type="java.lang.String">xml_to_string</hy:param>
					</hy:params>
				</hy:target>
			</hy:result>
		</hy:head>
		<hy:body />
	</hy:rule>
	<hy:rule base="custom" desc="" disable="false" id="prepare_form_data_element" priority="4">
		<hy:head>
			<hy:result disable="false" id="Add_form_data_element">
				<hy:operator>Parse</hy:operator>
				<hy:target action="add" name="factbase" update="append">
					<hy:params>
						<hy:param name="fragment" type="org.w3c.dom.Node">
							<FORM_DATA xmlns="" />
						</hy:param>
						<hy:param name="to_location" type="com.hyfinity.xpath.XPath">/mvc:eForm/mvc:Data</hy:param>
					</hy:params>
				</hy:target>
			</hy:result>
			<hy:result disable="true" id="add_name_space">
				<hy:operator>AddAttribute</hy:operator>
				<hy:target action="add" name="factbase" update="">
					<hy:params>
						<hy:param name="name" type="java.lang.String">xmlns</hy:param>
						<hy:param name="value" type="java.lang.String">&quot;&quot;</hy:param>
						<hy:param name="xpath_to_element" type="com.hyfinity.xpath.XPath">/mvc:eForm/mvc:Data/FORM_DATA</hy:param>
					</hy:params>
				</hy:target>
			</hy:result>
		</hy:head>
		<hy:body>
			<hy:clause id="check_form_data_element" multiple="false">
				<hy:operator>Read</hy:operator>
				<hy:target action="eval" name="factbase">
					<hy:params>
						<hy:param name="xpath_expression" type="com.hyfinity.xpath.XPath">not(/mvc:eForm/mvc:Data/FORM_DATA)</hy:param>
					</hy:params>
				</hy:target>
			</hy:clause>
		</hy:body>
	</hy:rule>
</hy:rulebase>
