<?xml version="1.0" encoding="UTF-8"?>
<application scale="0.6666666865348816" transx="63.29114018232503" transy="2.2362876237507994" xmlns="http://www.hyfinity.com/formmaker">
	<display_type>mvc</display_type>
	<defaults>
		<source_type>wsdl</source_type>
		<target_type />
		<skin>demo_skin.xsl</skin>
		<defaults_file>defaults.xml</defaults_file>
		<accessibility_level>Double-A</accessibility_level>
		<script_files>
			<script_file path="custom/js/track_request_tab.js" />
		</script_files>
		<css_files>
			<css_file path="theme/bizflow_default/css/theme.css" />
			<css_file path="theme/bizflow_default/css/theme_ie8.css">
				<condition type="browser">IE,LE,8</condition>
			</css_file>
			<css_file path="theme/bizflow_default/css/print_completed.css">
				<condition type="media">print</condition>
			</css_file>
			<css_file path="theme/bizflow_default/css/theme_mobile.css">
				<condition type="media">only screen and (max-width: 1024px)</condition>
			</css_file>
			<css_file path="custom/css/track_request_tab.css" />
		</css_files>
		<preview>
			<location>${user-data-location}/IHS/mvc/ihsrec_track/webapp</location>
			<URL>${user-preview-url}/IHS/mvc/ihsrec_track/webapp</URL>
		</preview>
		<default_nodes>
			<view_painter_node>mvc-ihsrec_track-view-Page_Painter</view_painter_node>
		</default_nodes>
		<java_code>
			<location>C:\jprogramfiles\hyfinity\java\BizFlow</location>
			<package>com.example.jcontrollers</package>
		</java_code>
	</defaults>
	<pages>
		<page id="BizFlowEntry" type="normal" x="-93" y="-77">
			<target_type>hyfinity_sxforms</target_type>
			<start_page>true</start_page>
			<css_override>false</css_override>
			<form_ref>BizFlowEntry</form_ref>
		</page>
		<page id="TrackRequestTab" type="subsection" x="-14" y="-74">
			<target_type>hyfinity_sxforms</target_type>
			<start_page>false</start_page>
			<css_override>false</css_override>
			<form_ref>TrackRequestTab</form_ref>
			<script_files>
				<script_file path="custom/js/track_request_tab.js" />
				<script_file path="js/jquery.min.js" />
				<script_file path="js/jquery.tablesorter.min.js" />
				<script_file path="js/jquery.tablesorter.pager.js" />
				<script_file path="js/widget-grouping.min.js" />
				<script_file path="js/pagingtable.js" />
			</script_files>
		</page>
	</pages>
	<handlers>
		<handler id="TrackRequestTab" implementation="xml" type="subsection" x="-18" y="-40">
			<node>mvc-ihsrec_track-TrackRequestTab-Controller</node>
		</handler>
		<handler id="TrackRequestReport" implementation="xml" type="normal" x="-45" y="-43">
			<node>mvc-ihsrec_track-TrackRequestReport-Controller</node>
		</handler>
	</handlers>
	<forms>
		<form id="BizFlowEntry">
			<data_to_form collection="IHS/mvc/ihsrec_track/message_pool" xstore="blueprints">to_BizFlowEntry_page.xml</data_to_form>
			<structure_generated>true</structure_generated>
		</form>
		<form id="TrackRequestTab">
			<data_to_form collection="IHS/mvc/ihsrec_track/message_pool" xstore="blueprints">to_TrackRequestTab_page.xml</data_to_form>
			<structure_generated>true</structure_generated>
		</form>
	</forms>
	<links>
		<link id="BizFlowEntry__PartialPage_1__link_2">
			<source type="Page">BizFlowEntry</source>
			<target type="Page">TrackRequestTab</target>
			<action>showTrackRequest</action>
			<submission_method>subsection</submission_method>
			<data_from_form collection="IHS/mvc/ihsrec_track/message_pool" xstore="blueprints">calling_showTrackRequest_action.xml</data_from_form>
			<instance_type>static</instance_type>
		</link>
		<link id="BizFlowEntry__Controller_1__link_1">
			<source type="Page">BizFlowEntry</source>
			<target type="Handler">TrackRequestReport</target>
			<action>loadTrackRequest</action>
			<submission_method>form</submission_method>
			<data_from_form collection="IHS/mvc/ihsrec_track/message_pool" xstore="blueprints">calling_loadTrackRequest_action.xml</data_from_form>
			<instance_type>static</instance_type>
		</link>
	</links>
</application>
