<?xml version="1.0" encoding="UTF-8"?>
<folder exportedWithPermissions="false">
    <parent>/organizations/organization_1/dashboards</parent>
    <name>groupDashboards</name>
    <label>Group</label>
    <description>Group Dashboards' folder</description>
    <creationDate>2018-03-22T17:32:33.000Z</creationDate>
    <updateDate>2012-02-15T14:46:40.000Z</updateDate>
    <resource>Number_of_Active_Vacancies_by_Area_Service_Unit</resource>
    <resource>Number_of_Health_Professional_Series_per_Area</resource>
    <resource>Number_of_Open_Announcements</resource>
    <resource>Time_it_takes_to_complete_each_activity</resource>
    <resource>Time_to_Classify</resource>
    <resource>Time_to_Fill_a_Position</resource>
    <resource>Time_to_Hire__HHS_</resource>
    <resource>Time_To_Hire__OPM_</resource>
    <resource>Time_To_Issue_A_Certificate</resource>
    <resource>Time_to_make_a_selection</resource>
    <resource>Where_Is_My_Recruit_Action</resource>
    <resource>Workload_By_Area_User_Region</resource>
</folder>
