<?xml version="1.0" encoding="UTF-8"?>
<dashboardResource exportedWithPermissions="false">
    <folder>/organizations/organization_1/dashboards/groupDashboards</folder>
    <name>Number_of_Open_Announcements</name>
    <version>1</version>
    <label>Number of Open Announcements</label>
    <description>This dashboard will display the Number of Open Announcements between 2 dates
</description>
    <creationDate>2018-05-11T19:58:44.000Z</creationDate>
    <updateDate>2018-05-11T19:58:50.000Z</updateDate>
    <state>
        <theme>default</theme>
        <title>Number of Open Announcements</title>
        <paperSize>content</paperSize>
        <property>
            <key>useAbsoluteSizing</key>
            <value>false</value>
        </property>
        <property>
            <key>localDatePattern</key>
            <value>yyyy-MM-dd</value>
        </property>
        <property>
            <key>widthGrowthFactor</key>
            <value>1336.0</value>
        </property>
        <property>
            <key>paperSize</key>
            <value>content</value>
        </property>
        <property>
            <key>heightGrowthFactor</key>
            <value>638.0</value>
        </property>
        <property>
            <key>dashboardName</key>
            <value>Number of Open Announcements</value>
        </property>
        <frame frameType="com.jaspersoft.ji.adhoc.DashboardContentFrame">
            <name>frame_1</name>
            <property>
                <key>dashFrameLeft</key>
                <value>20</value>
            </property>
            <property>
                <key>dashFrameTop</key>
                <value>20</value>
            </property>
            <property>
                <key>dashFrameWidth</key>
                <value>1269</value>
            </property>
            <property>
                <key>dashFrameHeight</key>
                <value>578</value>
            </property>
            <property>
                <key>dashFrameResourceType</key>
                <value>com.jaspersoft.jasperserver.api.metadata.jasperreports.domain.ReportUnit</value>
            </property>
            <property>
                <key>dashFrameResourceName</key>
                <value>Number Of Open Announcements</value>
            </property>
            <property>
                <key>dashFrameSource</key>
                <value>/flow.html?_flowId=viewReportFlow&amp;viewAsDashboardFrame=true&amp;dashboardViewer=true&amp;reportUnit=</value>
            </property>
            <property>
                <key>dashFrameScrollBars</key>
                <value>true</value>
            </property>
            <property>
                <key>dashResourceIndex</key>
                <value>0</value>
            </property>
        </frame>
    </state>
    <resource>
        <uri>/organizations/organization_1/reports/IHS/Number_Of_Open_Announcements</uri>
    </resource>
</dashboardResource>
