<?xml version="1.0" encoding="UTF-8"?>
<dashboardResource exportedWithPermissions="false">
    <folder>/organizations/organization_1/dashboards/groupDashboards</folder>
    <name>Time_to_Hire__HHS_</name>
    <version>0</version>
    <label>Time to Hire (HHS)</label>
    <description>Dashboard displays the initiated date rather than SIG is the date IHS uses for T2H.
</description>
    <creationDate>2018-04-27T19:17:45.000Z</creationDate>
    <updateDate>2018-04-27T19:17:45.000Z</updateDate>
    <state>
        <theme>default</theme>
        <title>Time to Hire (HHS)</title>
        <paperSize>content</paperSize>
        <property>
            <key>useAbsoluteSizing</key>
            <value>false</value>
        </property>
        <property>
            <key>localDatePattern</key>
            <value>yyyy-MM-dd</value>
        </property>
        <property>
            <key>widthGrowthFactor</key>
            <value>1336.0</value>
        </property>
        <property>
            <key>paperSize</key>
            <value>content</value>
        </property>
        <property>
            <key>heightGrowthFactor</key>
            <value>638.0</value>
        </property>
        <property>
            <key>dashboardName</key>
            <value>Time to Hire (HHS)</value>
        </property>
        <frame frameType="com.jaspersoft.ji.adhoc.DashboardContentFrame">
            <name>frame_1</name>
            <property>
                <key>dashFrameLeft</key>
                <value>22</value>
            </property>
            <property>
                <key>dashFrameTop</key>
                <value>17</value>
            </property>
            <property>
                <key>dashFrameWidth</key>
                <value>1292</value>
            </property>
            <property>
                <key>dashFrameHeight</key>
                <value>600</value>
            </property>
            <property>
                <key>dashFrameResourceType</key>
                <value>com.jaspersoft.jasperserver.api.metadata.jasperreports.domain.ReportUnit</value>
            </property>
            <property>
                <key>dashFrameResourceName</key>
                <value>Time to Hire (HHS)</value>
            </property>
            <property>
                <key>dashFrameSource</key>
                <value>/flow.html?_flowId=viewReportFlow&amp;viewAsDashboardFrame=true&amp;dashboardViewer=true&amp;reportUnit=</value>
            </property>
            <property>
                <key>dashFrameScrollBars</key>
                <value>true</value>
            </property>
            <property>
                <key>dashResourceIndex</key>
                <value>0</value>
            </property>
        </frame>
    </state>
    <resource>
        <uri>/organizations/organization_1/reports/IHS/Time_to_hire_HHS</uri>
    </resource>
</dashboardResource>
