<?xml version="1.0" encoding="UTF-8"?>
<hy:rulebase cache="false" context="/" disable="true" forward_chain="false" return="/" xmlns:hy="http://www.hyfinity.com/xengine" xmlns:mvc="http://www.hyfinity.com/mvc" xmlns:xg="http://www.hyfinity.com/xgate">
	<hy:rule base="custom" desc="" disable="false" id="ClassifierList" priority="10">
		<hy:head>
			<hy:result disable="false" id="getClassifier">
				<hy:operator>SQL</hy:operator>
				<hy:target action="Query" name="mvc-ihs_AutoCompleteService-IHS_DEV-Database" update="append">
					<hy:params>
						<hy:param name="sql_statement" type="java.lang.String">SELECT m.name, m.memberid, m.email
FROM BIZFLOW.MEMBER m
    INNER JOIN BIZFLOW.usrgrpprtcp p ON m.memberid = p.prtcp
		WHERE p.usrgrpid = (
		SELECT memberid FROM BIZFLOW.PARENTMEMBER
		WHERE memberpath = 
		(CASE WHEN ($searchTerm = 'GANC8' OR $searchTerm LIKE 'GFC%' OR $searchTerm LIKE 'GFH%' OR $searchTerm LIKE 'GFK%') THEN '/IHS Recruitment/Root/HR Classifier/SOUTHEAST REGION HR RESOURCES'
			WHEN ($searchTerm = 'GANC6' OR $searchTerm LIKE 'GFL%') THEN '/IHS Recruitment/Root/HR Classifier/SOUTHWEST REGION HR RESOURCES'
			WHEN ($searchTerm = 'GANC4' OR $searchTerm LIKE 'GFB%' OR $searchTerm LIKE 'GFM%' OR $searchTerm LIKE 'GFG%') THEN '/IHS Recruitment/Root/HR Classifier/WESTERN REGION HR RESOURCES CE'
			WHEN ($searchTerm = 'GANC5' OR $searchTerm LIKE 'GFE%' OR $searchTerm LIKE 'GFF%' OR $searchTerm LIKE 'GFA%') THEN '/IHS Recruitment/Root/HR Classifier/NORTHERN PLAINS REGION HR RESO'
			WHEN ($searchTerm LIKE 'GFJA%') THEN '/IHS Recruitment/Root/HR Classifier/NAVAJO REGION CHINLE'
			WHEN ($searchTerm LIKE 'GFJB%') THEN '/IHS Recruitment/Root/HR Classifier/NAVAJO REGION CROWNPOINT'
			WHEN ($searchTerm LIKE 'GFJD%') THEN '/IHS Recruitment/Root/HR Classifier/NAVAJO REGION GALLUP'
			WHEN ($searchTerm LIKE 'GFJE%') THEN '/IHS Recruitment/Root/HR Classifier/NAVAJO REGION KAYENTA'
			WHEN ($searchTerm LIKE 'GFJJ%') THEN '/IHS Recruitment/Root/HR Classifier/NAVAJO REGION SHIPROCK'
			WHEN ($searchTerm = 'GANC7' OR $searchTerm LIKE 'GFJ%') THEN '/IHS Recruitment/Root/HR Classifier/NAVAJO REGION AREA OFFICE'
			ELSE '/IHS Recruitment/Root/HR Classifier/Headquarters'
		END))
ORDER BY m.name ASC</hy:param>
						<hy:param name="to_location" type="com.hyfinity.xpath.XPath">/mvc:eForm/mvc:Data</hy:param>
						<hy:param name="$searchTerm" type="string">/mvc:eForm/mvc:Control/mvc:searchString</hy:param>
					</hy:params>
				</hy:target>
			</hy:result>
			<hy:result disable="false" id="renameClassifier">
				<hy:operator>Rename</hy:operator>
				<hy:target action="rename" name="factbase" update="">
					<hy:params>
						<hy:param name="location" type="com.hyfinity.xpath.XPath">/mvc:eForm/mvc:Data/sql_result[last()]/statement</hy:param>
						<hy:param name="new_name" type="java.lang.String">classifier_list</hy:param>
						<hy:param name="new_namespace" type="java.lang.String" />
					</hy:params>
				</hy:target>
			</hy:result>
			<hy:result disable="false" id="moveClassifier">
				<hy:operator>Move</hy:operator>
				<hy:target action="add" name="factbase" update="correct_replace">
					<hy:params>
						<hy:param name="from_location" type="com.hyfinity.xpath.XPath">/mvc:eForm/mvc:Data/sql_result[last()]/classifier_list</hy:param>
						<hy:param name="to_location" type="com.hyfinity.xpath.XPath">/mvc:eForm/mvc:Data/sql_result[last()]</hy:param>
					</hy:params>
				</hy:target>
			</hy:result>
		</hy:head>
		<hy:body />
	</hy:rule>
	<hy:rule base="custom" desc="" disable="false" id="write_XML" priority="10">
		<hy:head>
			<hy:result disable="false" id="write_XML">
				<hy:operator>Write</hy:operator>
				<hy:target action="write" name="factbase" update="">
					<hy:params>
						<hy:param name="xpath_to_value" type="com.hyfinity.xpath.XPath">/mvc:eForm/mvc:Data/classifier_list</hy:param>
						<hy:param name="to_location" type="com.hyfinity.xpath.XPath">/mvc:eForm/mvc:Control/mvc:Page</hy:param>
						<hy:param name="autocreate" type="java.lang.String">true</hy:param>
					</hy:params>
				</hy:target>
			</hy:result>
		</hy:head>
		<hy:body />
	</hy:rule>
</hy:rulebase>
