<?xml version="1.0" encoding="UTF-8"?>
<jdbcDataSource exportedWithPermissions="false">
    <folder>/organizations/organization_1/datasources</folder>
    <name>BizFlow_Data_Source</name>
    <version>3</version>
    <label>BizFlow Data Source</label>
    <creationDate>2018-03-22T17:29:57.000-04:00</creationDate>
    <updateDate>2018-04-20T13:16:26.000-04:00</updateDate>
    <driver>oracle.jdbc.OracleDriver</driver>
    <connectionUrl>jdbc:oracle:thin:@ihs.bizflow.com:1521:orcl</connectionUrl>
    <connectionUser>bizflow</connectionUser>
    <connectionPassword>ENC&lt;7891A7CE45D3F1A7A3E30C3912E130FC&gt;</connectionPassword>
</jdbcDataSource>
