<?xml version="1.0" encoding="UTF-8"?>
<hy:rulebase cache="false" context="/" disable="true" forward_chain="false" return="/" xmlns:hy="http://www.hyfinity.com/xengine" xmlns:mvc="http://www.hyfinity.com/mvc" xmlns:xg="http://www.hyfinity.com/xgate" xmlns:xs="http://www.w3.org/2001/XMLSchema">
	<hy:rule base="custom" desc="" disable="false" id="write_XML" priority="70">
		<hy:head>
			<hy:result disable="false" id="write_XML">
				<hy:operator>Write</hy:operator>
				<hy:target action="write" name="factbase" update="">
					<hy:params>
						<hy:param name="xpath_to_value" type="com.hyfinity.xpath.XPath">/mvc:eForm/mvc:Data/TrackRequestNumber</hy:param>
						<hy:param name="to_location" type="com.hyfinity.xpath.XPath">/mvc:eForm/mvc:Control/mvc:Page</hy:param>
						<hy:param name="autocreate" type="java.lang.String">true</hy:param>
					</hy:params>
				</hy:target>
			</hy:result>
		</hy:head>
		<hy:body />
	</hy:rule>
	<hy:rule base="custom" desc="" disable="false" id="JobCert" priority="40">
		<hy:head>
			<hy:result disable="false" id="JobCert">
				<hy:operator>SQL</hy:operator>
				<hy:target action="Query" name="mvc-ihsrec_track-workflowdb-Database" update="append">
					<hy:params>
						<hy:param name="sql_statement" type="java.lang.String">SELECT DISTINCT 
LISTAGG(REQUEST_NUMBER, '; ') WITHIN GROUP (ORDER BY REQUEST_NUMBER) AS REQUEST_NUMBER,
CERTIFICATE_NUMBER, 
ANNOUNCEMENT_NUMBER,
TO_CHAR(ISSUE_DATE, 'MM/DD/YYYY') AS ISSUE_DATE,
TO_CHAR(REVIEW_DUE_DATE, 'MM/DD/YYYY') AS REVIEW_DUE_DATE,
TO_CHAR(REVIEW_RETURN_DATE, 'MM/DD/YYYY') AS REVIEW_RETURN_DATE,
TO_CHAR(LAST_UPDATE_DATE, 'MM/DD/YYYY') AS LAST_UPDATE_DATE 
FROM HHS_HR.dss_ihs_vac_certificate C
WHERE (REQUEST_NUMBER = $reqnum OR REQUEST_NUMBER LIKE CONCAT($reqnum, '-%'))
AND AUDIT_DATE = (SELECT MIN(AUDIT_DATE) FROM HHS_HR.dss_ihs_vac_certificate
                  WHERE REQUEST_NUMBER = C.REQUEST_NUMBER
                  AND CERTIFICATE_NUMBER= C.CERTIFICATE_NUMBER
                  AND ANNOUNCEMENT_NUMBER= C.ANNOUNCEMENT_NUMBER)
GROUP BY 
CERTIFICATE_NUMBER, 
ANNOUNCEMENT_NUMBER,
TO_CHAR(ISSUE_DATE, 'MM/DD/YYYY') ,
TO_CHAR(REVIEW_DUE_DATE, 'MM/DD/YYYY') ,
TO_CHAR(REVIEW_RETURN_DATE, 'MM/DD/YYYY') ,
TO_CHAR(LAST_UPDATE_DATE, 'MM/DD/YYYY') 
ORDER BY LAST_UPDATE_DATE;
</hy:param>
						<hy:param name="to_location" type="com.hyfinity.xpath.XPath">/mvc:eForm/mvc:Data</hy:param>
						<hy:param name="$reqnum" type="string">/mvc:eForm/mvc:Control/mvc:cert</hy:param>
					</hy:params>
				</hy:target>
			</hy:result>
			<hy:result disable="false" id="renameJobCert">
				<hy:operator>Rename</hy:operator>
				<hy:target action="rename" name="factbase" update="">
					<hy:params>
						<hy:param name="location" type="com.hyfinity.xpath.XPath">/mvc:eForm/mvc:Data/sql_result[last()]/statement</hy:param>
						<hy:param name="new_name" type="java.lang.String">CERTIFICATE</hy:param>
						<hy:param name="new_namespace" type="java.lang.String" />
					</hy:params>
				</hy:target>
			</hy:result>
			<hy:result disable="false" id="moveJobCert">
				<hy:operator>Move</hy:operator>
				<hy:target action="add" name="factbase" update="append">
					<hy:params>
						<hy:param name="from_location" type="com.hyfinity.xpath.XPath">/mvc:eForm/mvc:Data/sql_result[last()]/CERTIFICATE</hy:param>
						<hy:param name="to_location" type="com.hyfinity.xpath.XPath">/mvc:eForm/mvc:Data/sql_result[last()]</hy:param>
					</hy:params>
				</hy:target>
			</hy:result>
		</hy:head>
		<hy:body>
			<hy:clause id="check_audit_code" multiple="false">
				<hy:operator>Read</hy:operator>
				<hy:target action="eval" name="factbase">
					<hy:params>
						<hy:param name="xpath_expression" type="com.hyfinity.xpath.XPath">//mvc:eForm/mvc:Control/mvc:cert</hy:param>
					</hy:params>
				</hy:target>
			</hy:clause>
		</hy:body>
	</hy:rule>
	<hy:rule base="custom" desc="" disable="false" id="JobNewHire" priority="40">
		<hy:head>
			<hy:result disable="false" id="JobNewHire">
				<hy:operator>SQL</hy:operator>
				<hy:target action="Query" name="mvc-ihsrec_track-workflowdb-Database" update="append">
					<hy:params>
						<hy:param name="sql_statement" type="java.lang.String">SELECT REQUEST_NUMBER, 
NEW_HIRE_NAME, 
POSITION_TITLE, 
DUTY_LOCATION, 
NEW_HIRE_NUMBER,
CONCAT(CONCAT(CONCAT(CONCAT(PAY_PLAN, '-'), SERIES), '-'), GRADE) AS PAYPLAN_SERIES_GRADE,
TO_CHAR(SEND_TENT_OFFR_CMPL_DATE, 'MM/DD/YYYY') AS SEND_OFFR_DATE,
TO_CHAR(LAST_UPDATE_DATE, 'MM/DD/YYYY') AS LAST_UPDATE_DATE,
TO_CHAR(EFFECTIVE_DATE, 'MM/DD/YYYY') AS EFFECTIVE_DATE
FROM HHS_HR.DSS_IHS_VAC_NEW_HIRE 
WHERE REQUEST_NUMBER = $reqnum OR REQUEST_NUMBER LIKE CONCAT($reqnum, '-%') 
 ORDER BY LAST_UPDATE_DATE</hy:param>
						<hy:param name="to_location" type="com.hyfinity.xpath.XPath">/mvc:eForm/mvc:Data</hy:param>
						<hy:param name="$reqnum" type="string">/mvc:eForm/mvc:Control/mvc:newHire</hy:param>
					</hy:params>
				</hy:target>
			</hy:result>
			<hy:result disable="false" id="renameJobNewHire">
				<hy:operator>Rename</hy:operator>
				<hy:target action="rename" name="factbase" update="">
					<hy:params>
						<hy:param name="location" type="com.hyfinity.xpath.XPath">/mvc:eForm/mvc:Data/sql_result[last()]/statement</hy:param>
						<hy:param name="new_name" type="java.lang.String">NEWHIRE</hy:param>
						<hy:param name="new_namespace" type="java.lang.String" />
					</hy:params>
				</hy:target>
			</hy:result>
			<hy:result disable="false" id="moveJobNewHire">
				<hy:operator>Move</hy:operator>
				<hy:target action="add" name="factbase" update="append">
					<hy:params>
						<hy:param name="from_location" type="com.hyfinity.xpath.XPath">/mvc:eForm/mvc:Data/sql_result[last()]/NEWHIRE</hy:param>
						<hy:param name="to_location" type="com.hyfinity.xpath.XPath">/mvc:eForm/mvc:Data/sql_result[last()]</hy:param>
					</hy:params>
				</hy:target>
			</hy:result>
		</hy:head>
		<hy:body>
			<hy:clause id="check_cert" multiple="false">
				<hy:operator>Read</hy:operator>
				<hy:target action="eval" name="factbase">
					<hy:params>
						<hy:param name="xpath_expression" type="com.hyfinity.xpath.XPath">/mvc:eForm/mvc:Control/mvc:newHire</hy:param>
					</hy:params>
				</hy:target>
			</hy:clause>
		</hy:body>
	</hy:rule>
	<hy:rule base="custom" desc="" disable="false" id="JobAnnc" priority="20">
		<hy:head>
			<hy:result disable="false" id="JobAnnc">
				<hy:operator>SQL</hy:operator>
				<hy:target action="Query" name="mvc-ihsrec_track-workflowdb-Database" update="append">
					<hy:params>
						<hy:param name="sql_statement" type="java.lang.String">SELECT DISTINCT 
A.REQUEST_NUMBER, 
A.ANNOUNCEMENT_NUMBER, 
A.ANNOUNCEMENT_STATUS,
A.VACANCY_TYPE, 
A.JOB_TITLE,
(SELECT LISTAGG(LOCATION, ';') WITHIN GROUP(ORDER BY LOCATION) FROM HHS_HR.DSS_IHS_VAC_ANN_LOCATION 
WHERE REQUEST_NUMBER = A.REQUEST_NUMBER
   AND VIN = A.VIN
   AND ANNOUNCEMENT_NUMBER = A.ANNOUNCEMENT_NUMBER
AND A.ANNOUNCEMENT_STATUS IN ('Open', 'Closed')) AS LOCATION,
CONCAT(CONCAT(CONCAT(CONCAT(PAY_PLAN, '-'), SERIES), '-'), GRADE) AS PSG,
CONCAT((SELECT TBL_LABEL FROM HHS_IHS_HR.LOOKUP WHERE TBL_LTYPE = 'USAJOBSLink'), ANNOUNCEMENT_CTRL_NUMBER) AS USAJOBSLINK,
CASE 
  WHEN R.REVIEW_STATUS = 'Returned' 
  AND R.IS_ANNOUNCEMENT_TEXT = 'Yes' THEN
	TO_CHAR(ROUND((R.REVIEW_JOA_RETURN_DATE - R.REVIEW_JOA_SENT_DATE), 0))
ELSE 'N/A'
END AS DAYS_REVIEW_JOA,
CASE ANNOUNCEMENT_TYPE 
WHEN 'DE' THEN 'Competitive'
WHEN 'ST' THEN 'Status'
WHEN 'IMP' THEN 'Internal Merit Promotion'
ELSE ANNOUNCEMENT_TYPE 
END AS ANNOUNCEMENT_TYPE,
TO_CHAR(OPEN_DATE, 'MM/DD/YYYY') AS OPEN_DATE,
TO_CHAR(CLOSE_DATE, 'MM/DD/YYYY') AS CLOSE_DATE,
TO_CHAR(LAST_UPDATE_DATE, 'MM/DD/YYYY') AS LAST_UPDATE_DATE
FROM HHS_HR.DSS_IHS_VAC_ANNOUNCEMENT A
LEFT JOIN HHS_HR.DSS_IHS_VAC_ANN_REVIEW R
ON A.REQUEST_NUMBER = R.REQUEST_NUMBER
AND A.VIN = R.VIN
AND A.ANNOUNCEMENT_NUMBER = R.ANNOUNCEMENT_NUMBER
AND R.IS_ANNOUNCEMENT_TEXT = 'Yes'
WHERE (A.REQUEST_NUMBER = $reqnum OR A.REQUEST_NUMBER = CONCAT($reqnum, '-1'))
AND A.ANNOUNCEMENT_STATUS IN ('Open', 'Closed')
ORDER BY OPEN_DATE DESC</hy:param>
						<hy:param name="to_location" type="com.hyfinity.xpath.XPath">/mvc:eForm/mvc:Data</hy:param>
						<hy:param name="$reqnum" type="string">/mvc:eForm/mvc:Control/mvc:ann</hy:param>
					</hy:params>
				</hy:target>
			</hy:result>
			<hy:result disable="false" id="renameJobAnnc">
				<hy:operator>Rename</hy:operator>
				<hy:target action="rename" name="factbase" update="">
					<hy:params>
						<hy:param name="location" type="com.hyfinity.xpath.XPath">/mvc:eForm/mvc:Data/sql_result[last()]/statement</hy:param>
						<hy:param name="new_name" type="java.lang.String">ANNOUNCEMENT</hy:param>
						<hy:param name="new_namespace" type="java.lang.String" />
					</hy:params>
				</hy:target>
			</hy:result>
			<hy:result disable="false" id="moveJobAnnc">
				<hy:operator>Move</hy:operator>
				<hy:target action="add" name="factbase" update="append">
					<hy:params>
						<hy:param name="from_location" type="com.hyfinity.xpath.XPath">/mvc:eForm/mvc:Data/sql_result[last()]/ANNOUNCEMENT</hy:param>
						<hy:param name="to_location" type="com.hyfinity.xpath.XPath">/mvc:eForm/mvc:Data/sql_result[last()]</hy:param>
					</hy:params>
				</hy:target>
			</hy:result>
		</hy:head>
		<hy:body>
			<hy:clause id="check_annc" multiple="false">
				<hy:operator>Read</hy:operator>
				<hy:target action="eval" name="factbase">
					<hy:params>
						<hy:param name="xpath_expression" type="com.hyfinity.xpath.XPath">/mvc:eForm/mvc:Control/mvc:ann</hy:param>
					</hy:params>
				</hy:target>
			</hy:clause>
		</hy:body>
	</hy:rule>
	<hy:rule base="custom" desc="" disable="false" id="JobDetail" priority="10">
		<hy:head>
			<hy:result disable="false" id="JobDetail">
				<hy:operator>SQL</hy:operator>
				<hy:target action="Query" name="mvc-ihsrec_track-workflowdb-Database" update="append">
					<hy:params>
						<hy:param name="sql_statement" type="java.lang.String">SELECT
    J.HRS_JOB_OPENING_ID,    
    J.DEPTID AS ADMIN_CODE,
    J.STATUS_CODE,
    NVL(C.OPRID,  J.HE_APPROVALO_OPRID) AS APPROVER_ID,
    (SELECT OPRDEFNDESC FROM HHS_HR.PS_OPR_DEFN WHERE OPRID = NVL(C.OPRID,  J.HE_APPROVALO_OPRID)) AS APPROVER_NAME,
    NVL(J.OPENINGS_TARGET,1) AS NUMBER_OF_VACANCIES,
    TO_CHAR(J.AUTHORIZATION_DT,'MM/DD/YYYY') AS AUTHORIZATION_DATE,
    (SELECT MAX(ACCT_CD) FROM HHS_HR.PS_HE_RECRUIT_EWIT x WHERE x.HRS_JOB_OPENING_ID = J.HRS_JOB_OPENING_ID) AS CAN,
    J.HE_COMMENTS AS REMARKS,
    C.COMMENTS AS APPROVAL_COMMENTS
FROM HHS_HR.PS_HRS_JOB_OPENING J LEFT JOIN
	(SELECT HRS_JOB_OPENING_ID, OPRID, COMMENTS
	FROM HHS_HR.PS_HE_JO_APPR_COMM  COMM
	WHERE COMM.HRS_JOB_OPENING_ID =  $joid
                AND COMM.STEP_NBR = (SELECT MAX(STEP_NBR)
                                       FROM HHS_HR.PS_HE_JO_APPR_COMM
                                       WHERE HRS_JOB_OPENING_ID = COMM.HRS_JOB_OPENING_ID)) C 
	ON J.HRS_JOB_OPENING_ID = C.HRS_JOB_OPENING_ID
WHERE J.HRS_JOB_OPENING_ID =   $joid
AND J.BUSINESS_UNIT = 'IHS00'
order by J.HRS_JOB_OPENING_ID desc</hy:param>
						<hy:param name="to_location" type="com.hyfinity.xpath.XPath">/mvc:eForm/mvc:Data</hy:param>
						<hy:param name="$joid" type="string">/mvc:eForm/mvc:Control/mvc:jobId</hy:param>
					</hy:params>
				</hy:target>
			</hy:result>
			<hy:result disable="false" id="renameJobDetail">
				<hy:operator>Rename</hy:operator>
				<hy:target action="rename" name="factbase" update="">
					<hy:params>
						<hy:param name="location" type="com.hyfinity.xpath.XPath">/mvc:eForm/mvc:Data/sql_result[last()]/statement</hy:param>
						<hy:param name="new_name" type="java.lang.String">JOBDETAIL</hy:param>
						<hy:param name="new_namespace" type="java.lang.String" />
					</hy:params>
				</hy:target>
			</hy:result>
			<hy:result disable="false" id="moveJobDetail">
				<hy:operator>Move</hy:operator>
				<hy:target action="add" name="factbase" update="append">
					<hy:params>
						<hy:param name="from_location" type="com.hyfinity.xpath.XPath">/mvc:eForm/mvc:Data/sql_result[last()]/JOBDETAIL</hy:param>
						<hy:param name="to_location" type="com.hyfinity.xpath.XPath">/mvc:eForm/mvc:Data/sql_result[last()]</hy:param>
					</hy:params>
				</hy:target>
			</hy:result>
		</hy:head>
		<hy:body>
			<hy:clause id="check_jobId" multiple="false">
				<hy:operator>Read</hy:operator>
				<hy:target action="eval" name="factbase">
					<hy:params>
						<hy:param name="xpath_expression" type="com.hyfinity.xpath.XPath">/mvc:eForm/mvc:Control/mvc:jobId</hy:param>
					</hy:params>
				</hy:target>
			</hy:clause>
		</hy:body>
	</hy:rule>
	<hy:rule base="custom" desc="" disable="false" id="PosDetail" priority="20">
		<hy:head>
			<hy:result disable="false" id="PosDetail">
				<hy:operator>SQL</hy:operator>
				<hy:target action="Query" name="mvc-ihsrec_track-workflowdb-Database" update="append">
					<hy:params>
						<hy:param name="sql_statement" type="java.lang.String">SELECT
HRS_JOB_OPENING_ID, 
POSITION_NBR, 
HRS_JO_PRM_PSN_FLG AS PRIMARY, 
JOBCODE,
POSITION_DESCR  AS POSTING_TITLE 
FROM HHS_HR.VW_EHRP_POSITION
WHERE HRS_JOB_OPENING_ID = $joid
ORDER BY HRS_JO_PRM_PSN_FLG DESC</hy:param>
						<hy:param name="to_location" type="com.hyfinity.xpath.XPath">/mvc:eForm/mvc:Data</hy:param>
						<hy:param name="$joid" type="string">/mvc:eForm/mvc:Control/mvc:pos</hy:param>
					</hy:params>
				</hy:target>
			</hy:result>
			<hy:result disable="false" id="renamePosDetail">
				<hy:operator>Rename</hy:operator>
				<hy:target action="rename" name="factbase" update="">
					<hy:params>
						<hy:param name="location" type="com.hyfinity.xpath.XPath">/mvc:eForm/mvc:Data/sql_result[last()]/statement</hy:param>
						<hy:param name="new_name" type="java.lang.String">POSITION</hy:param>
						<hy:param name="new_namespace" type="java.lang.String" />
					</hy:params>
				</hy:target>
			</hy:result>
			<hy:result disable="false" id="movePosDetail">
				<hy:operator>Move</hy:operator>
				<hy:target action="add" name="factbase" update="append">
					<hy:params>
						<hy:param name="from_location" type="com.hyfinity.xpath.XPath">/mvc:eForm/mvc:Data/sql_result[last()]/POSITION</hy:param>
						<hy:param name="to_location" type="com.hyfinity.xpath.XPath">/mvc:eForm/mvc:Data/sql_result[last()]</hy:param>
					</hy:params>
				</hy:target>
			</hy:result>
		</hy:head>
		<hy:body>
			<hy:clause id="check_posDetail" multiple="false">
				<hy:operator>Read</hy:operator>
				<hy:target action="eval" name="factbase">
					<hy:params>
						<hy:param name="xpath_expression" type="com.hyfinity.xpath.XPath">/mvc:eForm/mvc:Control/mvc:pos</hy:param>
					</hy:params>
				</hy:target>
			</hy:clause>
		</hy:body>
	</hy:rule>
	<hy:rule base="custom" desc="" disable="false" id="Locations" priority="40">
		<hy:head>
			<hy:result disable="false" id="locations">
				<hy:operator>SQL</hy:operator>
				<hy:target action="Query" name="mvc-ihsrec_track-workflowdb-Database" update="append">
					<hy:params>
						<hy:param name="sql_statement" type="java.lang.String">select LOCATION, COUNTRY, STATE, DESCR, 
HRS_JO_PRM_LOC_FLG AS PRIMARY 
from HHS_HR.VW_EHRP_LOCATION
where HRS_JOB_OPENING_ID=$joid
ORDER BY HRS_JO_PRM_LOC_FLG DESC, COUNTRY, STATE, DESCR</hy:param>
						<hy:param name="to_location" type="com.hyfinity.xpath.XPath">/mvc:eForm/mvc:Data</hy:param>
						<hy:param name="$joid" type="string">/mvc:eForm/mvc:Control/mvc:loc</hy:param>
					</hy:params>
				</hy:target>
			</hy:result>
			<hy:result disable="false" id="rename">
				<hy:operator>Rename</hy:operator>
				<hy:target action="rename" name="factbase" update="">
					<hy:params>
						<hy:param name="location" type="com.hyfinity.xpath.XPath">/mvc:eForm/mvc:Data/sql_result[last()]/statement</hy:param>
						<hy:param name="new_name" type="java.lang.String">LOCATION</hy:param>
						<hy:param name="new_namespace" type="java.lang.String" />
					</hy:params>
				</hy:target>
			</hy:result>
			<hy:result disable="false" id="move">
				<hy:operator>Move</hy:operator>
				<hy:target action="add" name="factbase" update="append">
					<hy:params>
						<hy:param name="from_location" type="com.hyfinity.xpath.XPath">/mvc:eForm/mvc:Data/sql_result[last()]/LOCATION</hy:param>
						<hy:param name="to_location" type="com.hyfinity.xpath.XPath">/mvc:eForm/mvc:Data/sql_result[last()]</hy:param>
					</hy:params>
				</hy:target>
			</hy:result>
		</hy:head>
		<hy:body>
			<hy:clause id="check_audit_code" multiple="false">
				<hy:operator>Read</hy:operator>
				<hy:target action="eval" name="factbase">
					<hy:params>
						<hy:param name="xpath_expression" type="com.hyfinity.xpath.XPath">//mvc:eForm/mvc:Control/mvc:loc</hy:param>
					</hy:params>
				</hy:target>
			</hy:clause>
		</hy:body>
	</hy:rule>
</hy:rulebase>
