<?xml version="1.0" encoding="UTF-8"?>
<fm:structure xmlns:fm="http://www.hyfinity.com/formmaker">
	<form_details xmlns="http://www.hyfinity.com/formmaker">
		<error_highlight_method alert="false" as_you_type="true" validation_mode="all">bubble</error_highlight_method>
		<hint_display_method>tooltip</hint_display_method>
		<top_level_message class="topLevelMessage" required="false" style="" />
		<mark_mandatory class="mandatory" location="after_label" required="true" style=""> * </mark_mandatory>
		<description>Enter a description.</description>
		<page_background_style class="" style="" />
		<page_content_style class="" style="" />
	</form_details>
	<fm:group border_styling="false" compatability="false" fieldset="false" gen_method="layout" hide="false" label_position="left" name="APPROVALS_TAB_BODY" submit_if_hidden="true">
		<label class="label" options="static" position="outside_group" position_override="top" required="false" style="" type="static" value="Layout Group" xmlns="http://www.hyfinity.com/formmaker">
			<container class="groupLabelBackground" options="static" style="">
				<content_alignment distribution="vertical" />
			</container>
		</label>
		<style class="tabBody" options="static" style="" xmlns="http://www.hyfinity.com/formmaker" />
		<fm:content_alignment distribution="vertical" halign="center" valign="middle" />
		<fm:sizing height="custom" width="fully_expand" />
		<palette_ref control="Layout Group" xmlns="http://www.hyfinity.com/formmaker" />
		<fm:group border_styling="false" compatability="false" fieldset="false" gen_method="layout" hide="false" label_position="left" name="approvals_hiring_manager_layout_group" submit_if_hidden="true">
			<label class="label" options="static" position="outside_group" position_override="top" required="false" style="" type="static" value="Layout Group" xmlns="http://www.hyfinity.com/formmaker">
				<container class="groupLabelBackground" options="static" style="">
					<content_alignment distribution="vertical" />
				</container>
			</label>
			<style class="approvalContainer" options="static" style="" xmlns="http://www.hyfinity.com/formmaker" />
			<fm:content_alignment distribution="vertical" halign="left" valign="top" />
			<fm:sizing height="fit_to_content" width="fully_expand" />
			<palette_ref control="Layout Group" xmlns="http://www.hyfinity.com/formmaker" />
			<fm:group border_styling="false" compatability="false" fieldset="false" gen_method="layout" hide="false" label_position="left" name="concurHiringManager_layout_group" submit_if_hidden="true">
				<label class="label" options="static" position="outside_group" position_override="top" required="false" style="" type="static" value="Layout Group" xmlns="http://www.hyfinity.com/formmaker">
					<container class="groupLabelBackground" options="static" style="">
						<content_alignment distribution="vertical" />
					</container>
				</label>
				<style class="" options="static" style="" xmlns="http://www.hyfinity.com/formmaker" />
				<fm:content_alignment distribution="vertical" halign="left" valign="top" />
				<fm:sizing height="fit_to_content" width="custom" />
				<palette_ref control="Layout Group" xmlns="http://www.hyfinity.com/formmaker" />
				<fm:element disable="false" disable_method="disabled" generate="true" hide="false" name="concurHiringManager">
					<field xmlns="http://www.hyfinity.com/formmaker">
						<input caption="true" options="static" unchecked_value="false">checkbox</input>
						<style class="defaultBackground checkboxControl" options="static" style="" />
						<element_style class="checkbox" options="static" style="" />
						<date_picker class="" content="" required="false" type="normal" />
						<label class="label" options="static" position_override="right" required="true" style="width:auto !important;" type="static" value="As the Hiring Manager, I concur with the information presented on this Strategic Consultation Worksheet">
							<container class="labelBackground labelControl" options="static">
								<sizing width="fully_expand" />
							</container>
						</label>
						<container>
							<sizing width="fit_to_content" />
						</container>
					</field>
					<constraints validate="true" xmlns="http://www.hyfinity.com/formmaker">
						<type>string</type>
						<required>false</required>
						<enumeration use_for_output="false" />
					</constraints>
					<error xmlns="http://www.hyfinity.com/formmaker">
						<hint class="hintIcon" style="" use="false">Enter a hint here.</hint>
						<server class="errorIcon" retain="false" style="" use="false" />
					</error>
					<palette_ref control="Checkbox" xmlns="http://www.hyfinity.com/formmaker" />
					<accessibility xmlns="http://www.hyfinity.com/formmaker">
						<alt>Check if you concur with the information presented</alt>
					</accessibility>
				</fm:element>
			</fm:group>
			<fm:group border_styling="false" compatability="false" fieldset="false" gen_method="layout" hide="false" label_position="left" name="hiring_manager_signature_layout_group" submit_if_hidden="true">
				<label class="label" options="static" position="outside_group" position_override="top" required="false" style="" type="static" value="Layout Group" xmlns="http://www.hyfinity.com/formmaker">
					<container class="groupLabelBackground" options="static" style="">
						<content_alignment distribution="vertical" />
					</container>
				</label>
				<style class="signatureContainer" options="static" style="" xmlns="http://www.hyfinity.com/formmaker" />
				<fm:content_alignment distribution="horizontal" halign="left" valign="top" />
				<fm:sizing height="fit_to_content" width="custom" />
				<palette_ref control="Layout Group" xmlns="http://www.hyfinity.com/formmaker" />
				<fm:element disable="false" disable_method="read_only" generate="true" hide="false" name="output_concurHiringManagerSignature">
					<field xmlns="http://www.hyfinity.com/formmaker">
						<input options="dynamic">output</input>
						<style class="defaultBackground outputControl" options="static" style="" />
						<element_style class="output" options="static" style="" />
						<date_picker class="datePickerIcon" content="" required="false" type="normal" />
						<fm:label class="label" options="static" required="true" style="" type="static" value="Hiring Manager's Signature">
							<fm:container class="labelBackground labelControl" options="static" style="" />
						</fm:label>
						<container />
					</field>
					<constraints validate="false" xmlns="http://www.hyfinity.com/formmaker">
						<type>string</type>
						<required>false</required>
						<enumeration use_for_output="false" />
					</constraints>
					<error xmlns="http://www.hyfinity.com/formmaker">
						<hint class="hintIcon" style="" use="false">Enter a hint here.</hint>
						<server class="errorIcon" retain="false" style="" use="false" />
					</error>
					<palette_ref control="Output" xmlns="http://www.hyfinity.com/formmaker" />
					<accessibility xmlns="http://www.hyfinity.com/formmaker">
						<alt>Hiring Manager's Signature</alt>
					</accessibility>
				</fm:element>
				<fm:element disable="false" disable_method="read_only" generate="true" hide="false" name="output_concurrenceDateHiringManager">
					<field xmlns="http://www.hyfinity.com/formmaker">
						<input options="dynamic">output</input>
						<style class="defaultBackground outputControl" options="static" style="" />
						<element_style class="output" options="static" style="" />
						<date_picker class="datePickerIcon" content="" required="false" type="normal" />
						<label class="label" options="static" required="true" style="" type="static" value="Concurrence Date">
							<container class="labelBackground labelControl" options="static" />
						</label>
						<container />
					</field>
					<constraints validate="false" xmlns="http://www.hyfinity.com/formmaker">
						<type>date</type>
						<required>false</required>
						<enumeration use_for_output="false" />
					</constraints>
					<data_formats xmlns="http://www.hyfinity.com/formmaker">
						<date data="yyyy-MM-dd" display="MM/dd/yyyy" />
					</data_formats>
					<error xmlns="http://www.hyfinity.com/formmaker">
						<hint class="hintIcon" style="" use="false">Enter a hint here.</hint>
						<server class="errorIcon" retain="false" style="" use="false" />
					</error>
					<palette_ref control="Output" xmlns="http://www.hyfinity.com/formmaker" />
				</fm:element>
			</fm:group>
			<fm:element disable="false" disable_method="read_only" generate="true" hide="false" name="concurHiringManagerSignature">
				<field xmlns="http://www.hyfinity.com/formmaker">
					<input options="dynamic">hidden</input>
					<style class="hide" options="static" style="" />
					<element_style class="hide" options="static" style="" />
					<date_picker class="" content="" required="false" type="normal" />
					<label class="hide" options="static" required="false" style="" type="static" value="Hidden Label">
						<container class="hide" options="static" style="" />
					</label>
					<container />
				</field>
				<constraints validate="false" xmlns="http://www.hyfinity.com/formmaker">
					<type>string</type>
					<required>false</required>
					<enumeration use_for_output="false" />
				</constraints>
				<error xmlns="http://www.hyfinity.com/formmaker">
					<hint class="hintIcon" style="" use="false">Enter a hint here.</hint>
					<server class="errorIcon" retain="false" style="" use="false" />
				</error>
				<palette_ref control="Hidden" xmlns="http://www.hyfinity.com/formmaker" />
			</fm:element>
			<fm:element disable="false" disable_method="read_only" generate="true" hide="false" name="concurrenceDateHiringManager">
				<field xmlns="http://www.hyfinity.com/formmaker">
					<input options="dynamic">hidden</input>
					<style class="hide" options="static" style="" />
					<element_style class="hide" options="static" style="" />
					<date_picker class="" content="" required="false" type="normal" />
					<label class="hide" options="static" required="false" style="" type="static" value="Hidden Label">
						<container class="hide" options="static" style="" />
					</label>
					<container />
				</field>
				<constraints validate="false" xmlns="http://www.hyfinity.com/formmaker">
					<type>string</type>
					<required>false</required>
					<enumeration use_for_output="false" />
				</constraints>
				<error xmlns="http://www.hyfinity.com/formmaker">
					<hint class="hintIcon" style="" use="false">Enter a hint here.</hint>
					<server class="errorIcon" retain="false" style="" use="false" />
				</error>
				<palette_ref control="Hidden" xmlns="http://www.hyfinity.com/formmaker" />
			</fm:element>
		</fm:group>
		<fm:group border_styling="false" compatability="false" fieldset="false" gen_method="layout" hide="false" label_position="left" name="approvals_hr_specialist_layout_group" submit_if_hidden="true">
			<label class="label" options="static" position="outside_group" position_override="top" required="false" style="" type="static" value="Layout Group" xmlns="http://www.hyfinity.com/formmaker">
				<container class="groupLabelBackground" options="static" style="">
					<content_alignment distribution="vertical" />
				</container>
			</label>
			<style class="approvalContainer" options="static" style="" xmlns="http://www.hyfinity.com/formmaker" />
			<fm:content_alignment distribution="vertical" halign="left" valign="top" />
			<fm:sizing height="fit_to_content" width="fully_expand" />
			<palette_ref control="Layout Group" xmlns="http://www.hyfinity.com/formmaker" />
			<fm:group border_styling="false" compatability="false" fieldset="false" gen_method="layout" hide="false" label_position="left" name="approveHRSpecialist_layout_group" submit_if_hidden="true">
				<label class="label" options="static" position="outside_group" position_override="top" required="false" style="" type="static" value="Layout Group" xmlns="http://www.hyfinity.com/formmaker">
					<container class="groupLabelBackground" options="static" style="">
						<content_alignment distribution="vertical" />
					</container>
				</label>
				<style class="" options="static" style="" xmlns="http://www.hyfinity.com/formmaker" />
				<fm:content_alignment distribution="vertical" halign="left" valign="top" />
				<fm:sizing height="fit_to_content" width="custom" />
				<palette_ref control="Layout Group" xmlns="http://www.hyfinity.com/formmaker" />
				<fm:element disable="false" disable_method="disabled" generate="true" hide="false" name="approveHRSpecialist">
					<field xmlns="http://www.hyfinity.com/formmaker">
						<input caption="true" options="static" unchecked_value="false">checkbox</input>
						<style class="defaultBackground checkboxControl" options="static" style="" />
						<element_style class="checkbox" options="static" style="" />
						<date_picker class="" content="" required="false" type="normal" />
						<label class="label" options="static" position_override="right" required="true" style="width:auto !important;" type="static" value="As the HR Specialist, I approve the Strategic Consultation Worksheet">
							<container class="labelBackground labelControl" options="static">
								<sizing width="fully_expand" />
							</container>
						</label>
						<container>
							<sizing width="fit_to_content" />
						</container>
					</field>
					<constraints validate="true" xmlns="http://www.hyfinity.com/formmaker">
						<type>string</type>
						<required>false</required>
						<enumeration use_for_output="false" />
					</constraints>
					<error xmlns="http://www.hyfinity.com/formmaker">
						<hint class="hintIcon" style="" use="false">Enter a hint here.</hint>
						<server class="errorIcon" retain="false" style="" use="false" />
					</error>
					<palette_ref control="Checkbox" xmlns="http://www.hyfinity.com/formmaker" />
					<accessibility xmlns="http://www.hyfinity.com/formmaker">
						<alt>Check if you concur with the information presented</alt>
					</accessibility>
				</fm:element>
			</fm:group>
			<fm:group border_styling="false" compatability="false" fieldset="false" gen_method="layout" hide="false" label_position="left" name="hr_specialist_signature_layout_group" submit_if_hidden="true">
				<label class="label" options="static" position="outside_group" position_override="top" required="false" style="" type="static" value="Layout Group" xmlns="http://www.hyfinity.com/formmaker">
					<container class="groupLabelBackground" options="static" style="">
						<content_alignment distribution="vertical" />
					</container>
				</label>
				<style class="signatureContainer" options="static" style="" xmlns="http://www.hyfinity.com/formmaker" />
				<fm:content_alignment distribution="horizontal" halign="left" valign="top" />
				<fm:sizing height="fit_to_content" width="custom" />
				<palette_ref control="Layout Group" xmlns="http://www.hyfinity.com/formmaker" />
				<fm:element disable="false" disable_method="read_only" generate="true" hide="false" name="output_approveHRSpecialistSignature">
					<field xmlns="http://www.hyfinity.com/formmaker">
						<input options="dynamic">output</input>
						<style class="defaultBackground outputControl" options="static" style="" />
						<element_style class="output" options="static" style="" />
						<date_picker class="datePickerIcon" content="" required="false" type="normal" />
						<label class="label" options="static" required="true" style="" type="static" value="HR Specialist Signature">
							<container class="labelBackground labelControl" options="static" />
						</label>
						<container />
					</field>
					<constraints validate="false" xmlns="http://www.hyfinity.com/formmaker">
						<type>string</type>
						<required>false</required>
						<enumeration use_for_output="false" />
					</constraints>
					<error xmlns="http://www.hyfinity.com/formmaker">
						<hint class="hintIcon" style="" use="false">Enter a hint here.</hint>
						<server class="errorIcon" retain="false" style="" use="false" />
					</error>
					<palette_ref control="Output" xmlns="http://www.hyfinity.com/formmaker" />
					<accessibility xmlns="http://www.hyfinity.com/formmaker">
						<alt>HR Specialist Signature</alt>
					</accessibility>
				</fm:element>
				<fm:element disable="false" disable_method="read_only" generate="true" hide="false" name="output_concurrenceDateHRSpecialist">
					<field xmlns="http://www.hyfinity.com/formmaker">
						<input options="dynamic">output</input>
						<style class="defaultBackground outputControl" options="static" style="" />
						<element_style class="output" options="static" style="" />
						<date_picker class="datePickerIcon" content="" required="false" type="normal" />
						<label class="label" options="static" required="true" style="" type="static" value="Concurrence Date">
							<container class="labelBackground labelControl" options="static" />
						</label>
						<container />
					</field>
					<constraints validate="false" xmlns="http://www.hyfinity.com/formmaker">
						<type>date</type>
						<required>false</required>
						<enumeration use_for_output="false" />
					</constraints>
					<data_formats xmlns="http://www.hyfinity.com/formmaker">
						<date data="yyyy-MM-dd" display="MM/dd/yyyy" />
					</data_formats>
					<error xmlns="http://www.hyfinity.com/formmaker">
						<hint class="hintIcon" style="" use="false">Enter a hint here.</hint>
						<server class="errorIcon" retain="false" style="" use="false" />
					</error>
					<palette_ref control="Output" xmlns="http://www.hyfinity.com/formmaker" />
				</fm:element>
			</fm:group>
			<fm:element disable="false" disable_method="read_only" generate="true" hide="false" name="approveHRSpecialistSignature">
				<field xmlns="http://www.hyfinity.com/formmaker">
					<input options="dynamic">hidden</input>
					<style class="hide" options="static" style="" />
					<element_style class="hide" options="static" style="" />
					<date_picker class="" content="" required="false" type="normal" />
					<label class="hide" options="static" required="false" style="" type="static" value="Hidden Label">
						<container class="hide" options="static" style="" />
					</label>
					<container />
				</field>
				<constraints validate="false" xmlns="http://www.hyfinity.com/formmaker">
					<type>string</type>
					<required>false</required>
					<enumeration use_for_output="false" />
				</constraints>
				<error xmlns="http://www.hyfinity.com/formmaker">
					<hint class="hintIcon" style="" use="false">Enter a hint here.</hint>
					<server class="errorIcon" retain="false" style="" use="false" />
				</error>
				<palette_ref control="Hidden" xmlns="http://www.hyfinity.com/formmaker" />
			</fm:element>
			<fm:element disable="false" disable_method="read_only" generate="true" hide="false" name="concurrenceDateHRSpecialist">
				<field xmlns="http://www.hyfinity.com/formmaker">
					<input options="dynamic">hidden</input>
					<style class="hide" options="static" style="" />
					<element_style class="hide" options="static" style="" />
					<date_picker class="" content="" required="false" type="normal" />
					<label class="hide" options="static" required="false" style="" type="static" value="Hidden Label">
						<container class="hide" options="static" style="" />
					</label>
					<container />
				</field>
				<constraints validate="false" xmlns="http://www.hyfinity.com/formmaker">
					<type>string</type>
					<required>false</required>
					<enumeration use_for_output="false" />
				</constraints>
				<error xmlns="http://www.hyfinity.com/formmaker">
					<hint class="hintIcon" style="" use="false">Enter a hint here.</hint>
					<server class="errorIcon" retain="false" style="" use="false" />
				</error>
				<palette_ref control="Hidden" xmlns="http://www.hyfinity.com/formmaker" />
			</fm:element>
		</fm:group>
	</fm:group>
</fm:structure>
