<?xml version="1.0" encoding="UTF-8"?>
<fm:structure xmlns:fm="http://www.hyfinity.com/formmaker">
	<form_details xmlns="http://www.hyfinity.com/formmaker">
		<error_highlight_method alert="false" as_you_type="true" validation_mode="all">text</error_highlight_method>
		<hint_display_method>tooltip</hint_display_method>
		<top_level_message class="topLevelMessage" required="false" style="" />
		<mark_mandatory class="mandatory" location="after_label" required="true" style=""> * </mark_mandatory>
		<description>Enter a description.</description>
		<page_background_style class="" style="" />
		<page_content_style class="" style="" />
		<page_events>
			<events>
				<event id="onbeforeload">
					<action id="FunctionCall">
						<param name="Function" option="Static" value="require" />
						<param name="Parameters" option="Script" value="[&quot;dijit/form/NumberTextBox&quot;]" />
					</action>
				</event>
			</events>
		</page_events>
	</form_details>
	<fm:group border_styling="false" compatability="false" fieldset="false" gen_method="layout" hide="false" label_position="left" name="JOB_TAB_BODY" submit_if_hidden="true">
		<label class="label" options="static" position="outside_group" position_override="top" required="false" style="" type="static" value="Layout Group" xmlns="http://www.hyfinity.com/formmaker">
			<container class="groupLabelBackground" options="static" style="">
				<content_alignment distribution="vertical" />
			</container>
		</label>
		<style class="tabBody" options="static" style="" xmlns="http://www.hyfinity.com/formmaker" />
		<fm:content_alignment distribution="vertical" halign="left" valign="middle" />
		<fm:sizing height="custom" width="fully_expand" />
		<palette_ref control="Layout Group" xmlns="http://www.hyfinity.com/formmaker" />
		<fm:group border_styling="false" compatability="false" fieldset="false" gen_method="layout" hide="false" label_position="left" name="advertise_at_grade_layout_group" submit_if_hidden="true">
			<label class="label" options="static" position="outside_group" position_override="top" required="false" style="" type="static" value="Layout Group" xmlns="http://www.hyfinity.com/formmaker">
				<container class="groupLabelBackground" options="static" style="">
					<content_alignment distribution="vertical" />
				</container>
			</label>
			<style class="" options="static" style="" xmlns="http://www.hyfinity.com/formmaker" />
			<fm:content_alignment distribution="horizontal" halign="left" valign="middle" />
			<fm:sizing height="fit_to_content" width="fully_expand" />
			<palette_ref control="Layout Group" xmlns="http://www.hyfinity.com/formmaker" />
			<fm:element disable="false" disable_method="disabled" generate="true" hide="false" name="advertiseGradeCheckbox">
				<field xmlns="http://www.hyfinity.com/formmaker">
					<input default="Select All That Apply" options="static">multipleCheckbox</input>
					<style class="defaultBackground multiCheckboxControl" options="static" style="" />
					<element_style class="checkbox" options="static" style="" />
					<date_picker class="" content="" required="false" type="normal" />
					<fm:label class="label" options="static" required="true" style="" type="static" value="Advertise at Grade(s)">
						<fm:container class="labelBackground labelControl" options="static" style="">
							<content_alignment halign="right" valign="middle" />
							<sizing width="custom" />
						</fm:container>
					</fm:label>
					<container>
						<sizing width="custom" />
					</container>
				</field>
				<constraints validate="true" xmlns="http://www.hyfinity.com/formmaker">
					<type>string</type>
					<required>true</required>
					<enumeration use_for_output="false" />
				</constraints>
				<error xmlns="http://www.hyfinity.com/formmaker">
					<hint class="hintIcon" style="" use="false">Enter a hint here.</hint>
					<server class="errorIcon" retain="false" style="" use="false" />
					<message_override>Please provide Grade(s)</message_override>
				</error>
				<palette_ref control="Multi-Checkbox" xmlns="http://www.hyfinity.com/formmaker" />
				<accessibility xmlns="http://www.hyfinity.com/formmaker">
					<alt>Select at least one grade level from which you wish to hire an applicant(s).  Note: Applicants will not be recruited at the grade level(s) that are unchecked.</alt>
				</accessibility>
			</fm:element>
			<fm:element disable="false" disable_method="read_only" generate="true" hide="false" name="advertiseGrade">
				<field xmlns="http://www.hyfinity.com/formmaker">
					<input options="dynamic">hidden</input>
					<style class="hide" options="static" style="" />
					<element_style class="hide" options="static" style="" />
					<date_picker class="" content="" required="false" type="normal" />
					<label class="hide" options="static" required="false" style="" type="static" value="Hidden Label">
						<container class="hide" options="static" style="" />
					</label>
					<container />
				</field>
				<constraints validate="false" xmlns="http://www.hyfinity.com/formmaker">
					<type>string</type>
					<required>false</required>
					<enumeration use_for_output="false" />
				</constraints>
				<error xmlns="http://www.hyfinity.com/formmaker">
					<hint class="hintIcon" style="" use="false">Enter a hint here.</hint>
					<server class="errorIcon" retain="false" style="" use="false" />
				</error>
				<palette_ref control="Hidden" xmlns="http://www.hyfinity.com/formmaker" />
			</fm:element>
		</fm:group>
		<fm:group border_styling="false" compatability="false" fieldset="false" gen_method="layout" hide="false" label_position="left" name="target_grade_layout_group" submit_if_hidden="true">
			<label class="label" options="static" position="outside_group" position_override="top" required="false" style="" type="static" value="Layout Group" xmlns="http://www.hyfinity.com/formmaker">
				<container class="groupLabelBackground" options="static" style="">
					<content_alignment distribution="vertical" />
				</container>
			</label>
			<style class="" options="static" style="" xmlns="http://www.hyfinity.com/formmaker" />
			<fm:content_alignment distribution="horizontal" halign="left" valign="middle" />
			<fm:sizing height="fit_to_content" width="fully_expand" />
			<palette_ref control="Layout Group" xmlns="http://www.hyfinity.com/formmaker" />
			<fm:element disable="false" disable_method="disabled" generate="true" hide="false" name="targetGrade">
				<field xmlns="http://www.hyfinity.com/formmaker">
					<input options="static">radio</input>
					<style class="defaultBackground radioControl" options="static" style="" />
					<element_style class="radio" options="static" style="" />
					<date_picker class="" content="" required="false" type="normal" />
					<fm:label class="label" options="static" required="true" style="" type="static" value="Target Grade">
						<fm:container class="labelBackground labelControl" options="static" style="">
							<content_alignment halign="right" valign="middle" />
							<sizing width="custom" />
						</fm:container>
					</fm:label>
					<container>
						<sizing width="custom" />
					</container>
				</field>
				<constraints validate="true" xmlns="http://www.hyfinity.com/formmaker">
					<type>string</type>
					<required>true</required>
					<enumeration use_for_output="false">
						<include value="Y">Yes</include>
						<include value="N">No</include>
					</enumeration>
				</constraints>
				<error xmlns="http://www.hyfinity.com/formmaker">
					<hint class="hintIcon" style="" use="false">Enter a hint here.</hint>
					<server class="errorIcon" retain="false" style="" use="false" />
					<message_override>Please select a value for Target Grade</message_override>
				</error>
				<palette_ref control="Radio" xmlns="http://www.hyfinity.com/formmaker" />
				<accessibility xmlns="http://www.hyfinity.com/formmaker">
					<alt>Choose the highest grade available for a position that has promotion potential</alt>
				</accessibility>
			</fm:element>
		</fm:group>
		<fm:element disable="false" disable_method="disabled" generate="true" hide="false" name="workSchedule">
			<field xmlns="http://www.hyfinity.com/formmaker">
				<input dropdown_default="Select one" options="dynamic">select</input>
				<style class="defaultBackground selectControl" options="static" style="" />
				<element_style class="select form-control" options="static" style="width : 290px;" />
				<date_picker class="" content="" required="false" type="normal" />
				<label class="label " options="static" required="true" style="" type="static" value="Work Schedule">
					<container class="labelBackground labelControl" options="static">
						<content_alignment halign="left" valign="middle" />
						<sizing width="custom" />
					</container>
				</label>
				<container>
					<sizing width="custom" />
				</container>
			</field>
			<constraints validate="true" xmlns="http://www.hyfinity.com/formmaker">
				<type>string</type>
				<required>true</required>
				<enumeration use_for_output="false" />
			</constraints>
			<error xmlns="http://www.hyfinity.com/formmaker">
				<hint class="hintIcon" style="" use="false">Enter a hint here.</hint>
				<server class="errorIcon" retain="false" style="" use="false" />
				<message_override>Please provide a work schedule</message_override>
			</error>
			<palette_ref control="Select Box" xmlns="http://www.hyfinity.com/formmaker" />
			<accessibility xmlns="http://www.hyfinity.com/formmaker">
				<alt>Select the time basis on which an employee is scheduled to work</alt>
			</accessibility>
		</fm:element>
		<fm:element disable="false" disable_method="read_only" generate="true" hide="false" name="numberOfVacancies_output">
			<field xmlns="http://www.hyfinity.com/formmaker">
				<input options="static">output</input>
				<style class="defaultBackground outputControl" options="static" style="" />
				<element_style class="output" options="static" style="" />
				<date_picker class="datePickerIcon" content="" required="false" type="normal" />
				<fm:label class="label" options="static" required="true" style="" type="static" value="Number of Identical Vacancies to be Advertised">
					<fm:container class="labelBackground labelControl" options="static" style="">
						<content_alignment halign="left" valign="middle" />
						<sizing width="custom" />
					</fm:container>
				</fm:label>
				<container>
					<sizing width="custom" />
				</container>
			</field>
			<constraints validate="false" xmlns="http://www.hyfinity.com/formmaker">
				<type>string</type>
				<required>true</required>
				<enumeration use_for_output="false" />
			</constraints>
			<error xmlns="http://www.hyfinity.com/formmaker">
				<hint class="hintIcon" style="" use="false">Enter a hint here.</hint>
				<server class="errorIcon" retain="false" style="" use="false" />
			</error>
			<palette_ref control="Output" xmlns="http://www.hyfinity.com/formmaker" />
		</fm:element>
		<fm:element disable="false" disable_method="disabled" generate="true" hide="false" name="announcementCloseMode">
			<field xmlns="http://www.hyfinity.com/formmaker">
				<input dropdown_default="Select one" options="dynamic">select</input>
				<style class="defaultBackground selectControl" options="static" style="" />
				<element_style class="select form-control" options="static" style="width : 290px;" />
				<date_picker class="" content="" required="false" type="normal" />
				<label class="label " options="static" required="true" style="" type="static" value="Select which way the announcement will close">
					<container class="labelBackground labelControl" options="static">
						<content_alignment halign="left" valign="middle" />
						<sizing width="custom" />
					</container>
				</label>
				<container>
					<sizing width="custom" />
				</container>
			</field>
			<constraints validate="true" xmlns="http://www.hyfinity.com/formmaker">
				<type>string</type>
				<required>true</required>
				<enumeration use_for_output="false" />
			</constraints>
			<error xmlns="http://www.hyfinity.com/formmaker">
				<hint class="hintIcon" style="" use="false">Enter a hint here.</hint>
				<server class="errorIcon" retain="false" style="" use="false" />
			</error>
			<palette_ref control="Select Box" xmlns="http://www.hyfinity.com/formmaker" />
			<accessibility xmlns="http://www.hyfinity.com/formmaker">
				<alt>Select the duration the announcement will be open. Insert a cut-off date, if applicable.</alt>
			</accessibility>
		</fm:element>
		<fm:group border_styling="false" compatability="false" fieldset="false" gen_method="layout" hide="false" label_position="left" name="cutOffDate_layout_group" submit_if_hidden="true">
			<label class="label" options="static" position="outside_group" position_override="top" required="false" style="" type="static" value="Layout Group" xmlns="http://www.hyfinity.com/formmaker">
				<container class="groupLabelBackground" options="static" style="">
					<content_alignment distribution="vertical" />
				</container>
			</label>
			<style class="" options="static" style="" xmlns="http://www.hyfinity.com/formmaker" />
			<fm:content_alignment distribution="vertical" halign="left" valign="top" />
			<fm:sizing height="fit_to_content" width="fully_expand" />
			<palette_ref control="Layout Group" xmlns="http://www.hyfinity.com/formmaker" />
			<fm:group border_styling="false" compatability="false" fieldset="false" gen_method="layout" hide="false" label_position="left" name="layout_group_2" submit_if_hidden="true">
				<label class="label" options="static" position="outside_group" position_override="top" required="false" style="" type="static" value="Layout Group" xmlns="http://www.hyfinity.com/formmaker">
					<container class="groupLabelBackground" options="static" style="">
						<content_alignment distribution="vertical" />
					</container>
				</label>
				<style class="" options="static" style="" xmlns="http://www.hyfinity.com/formmaker" />
				<fm:content_alignment distribution="horizontal" halign="left" valign="top" />
				<fm:sizing height="fit_to_content" width="fully_expand" />
				<palette_ref control="Layout Group" xmlns="http://www.hyfinity.com/formmaker" />
				<fm:element disable="false" disable_method="read_only" generate="true" hide="false" name="cutOffDate">
					<field xmlns="http://www.hyfinity.com/formmaker">
						<input options="dynamic">text</input>
						<style class="defaultBackground textboxControl" options="static" style="" />
						<element_style class="textbox" options="static" style="width:4em" />
						<date_picker class="datePickerIcon" content="" required="false" type="normal" />
						<label class="label" options="static" required="true" style="" type="static" value="The first cut-off date for receipt/referral of applications to be considered for available vacant position(s) will be">
							<container class="labelBackground labelControl" options="static" />
						</label>
						<container />
					</field>
					<constraints validate="true" xmlns="http://www.hyfinity.com/formmaker">
						<type>string</type>
						<required>false</required>
						<minLength>1</minLength>
						<maxLength>2</maxLength>
						<enumeration use_for_output="false" />
					</constraints>
					<error xmlns="http://www.hyfinity.com/formmaker">
						<hint class="hintIcon" style="" use="false">Enter a hint here.</hint>
						<server class="errorIcon" retain="false" style="" use="false" />
					</error>
					<palette_ref control="Text Box" xmlns="http://www.hyfinity.com/formmaker" />
					<accessibility xmlns="http://www.hyfinity.com/formmaker">
						<alt>Enter the days</alt>
					</accessibility>
				</fm:element>
				<fm:custom name="dot" type="custom">
					<fm:code>
						<label class="tailLabel" xmlns="">days after the JOA open date.</label>
					</fm:code>
					<fm:description>Enter a description.</fm:description>
					<palette_ref control="Custom" xmlns="http://www.hyfinity.com/formmaker" />
				</fm:custom>
			</fm:group>
			<fm:custom name="cut_off_note" type="custom">
				<fm:code>
					<div class="cutOffNote" xmlns="">Note: the mechanism to refer additional applicants must be described in the JOA.  This may be certain dates or upon request for a certificate of eligible candidates.  Also, 10 pt. Veterans Preference applicants who submit a complete application after a cut-off date or certificate request date but before HR issues a certificate will be considered and referred on the list if qualified.</div>
				</fm:code>
				<fm:description>Enter a description.</fm:description>
				<palette_ref control="Custom" xmlns="http://www.hyfinity.com/formmaker" />
			</fm:custom>
		</fm:group>
		<fm:group border_styling="false" compatability="false" fieldset="false" gen_method="layout" hide="false" label_position="left" name="numberOfDaysInAd_layout_group" submit_if_hidden="true">
			<label class="label" options="static" position="outside_group" position_override="top" required="false" style="" type="static" value="Layout Group" xmlns="http://www.hyfinity.com/formmaker">
				<container class="groupLabelBackground" options="static" style="">
					<content_alignment distribution="vertical" />
				</container>
			</label>
			<style class="" options="static" style="" xmlns="http://www.hyfinity.com/formmaker" />
			<fm:content_alignment distribution="horizontal" halign="left" valign="top" />
			<fm:sizing height="fit_to_content" width="fully_expand" />
			<palette_ref control="Layout Group" xmlns="http://www.hyfinity.com/formmaker" />
			<fm:element disable="false" disable_method="disabled" generate="true" hide="false" name="numberOfDaysInAdvertisement">
				<field xmlns="http://www.hyfinity.com/formmaker">
					<input caption="true" default="1" dropdown_default="Select one" options="static">select</input>
					<style class="defaultBackground selectControl" options="static" style="" />
					<element_style class="select" options="static" style="" />
					<date_picker class="" content="" required="false" type="normal" />
					<label class="label" options="static" required="true" style="" type="static" value="Number of Days in Advertisement">
						<container class="labelBackground labelControl" options="static">
							<content_alignment halign="right" valign="middle" />
							<sizing height="custom" width="custom" />
						</container>
					</label>
					<container>
						<sizing height="custom" width="custom" />
					</container>
				</field>
				<constraints validate="true" xmlns="http://www.hyfinity.com/formmaker">
					<type>string</type>
					<required>true</required>
					<enumeration use_for_output="false">
						<include value="5">5</include>
						<include value="10">10</include>
						<include value="15">15</include>
						<include value="other">Other</include>
					</enumeration>
				</constraints>
				<error xmlns="http://www.hyfinity.com/formmaker">
					<hint class="hintIcon" style="" use="false">Enter a hint here.</hint>
					<server class="errorIcon" retain="false" style="" use="false" />
				</error>
				<palette_ref control="Select Box" xmlns="http://www.hyfinity.com/formmaker" />
				<placeholder xmlns="http://www.hyfinity.com/formmaker">
					<icon class="defaultIcon" position="left" use="false" />
				</placeholder>
				<accessibility xmlns="http://www.hyfinity.com/formmaker">
					<alt>Select the number of days that an advertisement will be posted. There is a five-day minimum.</alt>
				</accessibility>
			</fm:element>
			<fm:group border_styling="false" compatability="false" fieldset="false" gen_method="layout" hide="false" label_position="left" name="otherNumberOfDaysInAdvertisement_layout_group" submit_if_hidden="true">
				<label class="label" options="static" position="outside_group" position_override="top" required="false" style="" type="static" value="Layout Group" xmlns="http://www.hyfinity.com/formmaker">
					<container class="groupLabelBackground" options="static" style="">
						<content_alignment distribution="vertical" />
					</container>
				</label>
				<style class="" options="static" style="" xmlns="http://www.hyfinity.com/formmaker" />
				<fm:content_alignment distribution="vertical" halign="left" valign="top" />
				<fm:sizing height="fit_to_content" width="fit_to_content" />
				<palette_ref control="Layout Group" xmlns="http://www.hyfinity.com/formmaker" />
				<fm:element disable="false" disable_method="read_only" generate="true" hide="false" name="otherNumberOfDaysInAdvertisement">
					<field xmlns="http://www.hyfinity.com/formmaker">
						<input options="dynamic">text</input>
						<style class="defaultBackground textboxControl" options="static" style="" />
						<element_style class="textbox" options="static" style="width:4em" />
						<date_picker class="datePickerIcon" content="" required="false" type="normal" />
						<label class="label" options="static" required="false" style="" type="static" value="Edit">
							<container class="labelBackground labelControl" options="static" style="" />
						</label>
						<container />
					</field>
					<constraints validate="true" xmlns="http://www.hyfinity.com/formmaker">
						<type>string</type>
						<required>true</required>
						<enumeration use_for_output="false" />
					</constraints>
					<error xmlns="http://www.hyfinity.com/formmaker">
						<hint class="hintIcon" style="" use="false">Enter a hint here.</hint>
						<server class="errorIcon" retain="false" style="" use="false" />
					</error>
					<palette_ref control="Text Box" xmlns="http://www.hyfinity.com/formmaker" />
					<accessibility xmlns="http://www.hyfinity.com/formmaker">
						<alt>Number of days that an advertisement will be posted. There is a five-day minimum</alt>
					</accessibility>
				</fm:element>
			</fm:group>
			<fm:custom name="days" type="custom">
				<fm:code>
					<label class="tailLabel" xmlns="">days</label>
				</fm:code>
				<fm:description>Enter a description.</fm:description>
				<palette_ref control="Custom" xmlns="http://www.hyfinity.com/formmaker" />
			</fm:custom>
		</fm:group>
		<fm:group border_styling="false" compatability="false" fieldset="false" gen_method="layout" hide="false" label_position="left" name="section2_group_25" submit_if_hidden="true">
			<label class="label" options="static" position="outside_group" position_override="top" required="false" style="" type="static" value="Layout Group" xmlns="http://www.hyfinity.com/formmaker">
				<container class="groupLabelBackground" options="static" style="">
					<content_alignment distribution="vertical" />
				</container>
			</label>
			<style class="" options="static" style="" xmlns="http://www.hyfinity.com/formmaker" />
			<fm:content_alignment distribution="horizontal" halign="left" valign="top" />
			<fm:sizing height="fit_to_content" width="fully_expand" />
			<palette_ref control="Layout Group" xmlns="http://www.hyfinity.com/formmaker" />
			<grid_structure cols="2" rows="1" xmlns="http://www.hyfinity.com/formmaker">
				<grid_component col="1" name="layout_group_28" row="1" />
			</grid_structure>
			<fm:group border_styling="false" compatability="false" fieldset="false" gen_method="layout" hide="false" label_position="left" name="layout_group_28" submit_if_hidden="true">
				<label class="label" options="static" position="outside_group" position_override="top" required="false" style="" type="static" value="Layout Group" xmlns="http://www.hyfinity.com/formmaker">
					<container class="groupLabelBackground" options="static" style="">
						<content_alignment distribution="vertical" />
					</container>
				</label>
				<style class="" options="static" style="" xmlns="http://www.hyfinity.com/formmaker" />
				<fm:content_alignment distribution="horizontal" halign="left" valign="top" />
				<fm:sizing height="fit_to_content" width="fully_expand" />
				<palette_ref control="Layout Group" xmlns="http://www.hyfinity.com/formmaker" />
				<fm:element disable="false" disable_method="disabled" generate="true" hide="false" name="recruitmentEnticements_input">
					<field xmlns="http://www.hyfinity.com/formmaker">
						<input dropdown_default="Select all that apply" options="dynamic">select</input>
						<style class="defaultBackground selectControl" options="static" style="" />
						<element_style class="select form-control" options="static" style="width : 290px;" />
						<date_picker class="" content="" required="false" type="normal" />
						<label class="label " options="static" required="true" style="" type="static" value="Recruitment Enticements">
							<container class="labelBackground labelControl" options="static">
								<content_alignment halign="right" valign="middle" />
								<sizing width="custom" />
							</container>
						</label>
						<container>
							<sizing width="custom" />
						</container>
					</field>
					<constraints validate="true" xmlns="http://www.hyfinity.com/formmaker">
						<type>string</type>
						<required>false</required>
						<length>100</length>
						<enumeration use_for_output="false" />
					</constraints>
					<error xmlns="http://www.hyfinity.com/formmaker">
						<hint class="hintIcon" style="" use="false">Enter a hint here.</hint>
						<server class="errorIcon" retain="false" style="" use="false" />
					</error>
					<palette_ref control="Select Box" xmlns="http://www.hyfinity.com/formmaker" />
					<accessibility xmlns="http://www.hyfinity.com/formmaker">
						<alt>Select All Types of Recruitment Enticements being offered for the position</alt>
					</accessibility>
				</fm:element>
				<fm:custom name="enticement_selected_value_place_holder" type="custom">
					<fm:code>
						<div aria-live="polite" class="hide selectedValuePlaceHolder" id="recruitmentEnticements_selected_value_place_holder" tabindex="0" xmlns="">
							<label class="selectedValueCaption">Selected Recruitment Enticements</label>
							<ul class="selectedValueContainer" />
						</div>
					</fm:code>
					<fm:description>Enter a description.</fm:description>
					<palette_ref control="Custom" xmlns="http://www.hyfinity.com/formmaker" />
				</fm:custom>
				<fm:element disable="false" disable_method="read_only" generate="true" hide="false" name="recruitmentEnticements">
					<field xmlns="http://www.hyfinity.com/formmaker">
						<input options="dynamic">hidden</input>
						<style class="hide" options="static" style="" />
						<element_style class="hide" options="static" style="" />
						<date_picker class="" content="" required="false" type="normal" />
						<label class="hide" options="static" required="false" style="" type="static" value="Hidden Label">
							<container class="hide" options="static" style="" />
						</label>
						<container />
					</field>
					<constraints validate="false" xmlns="http://www.hyfinity.com/formmaker">
						<type>string</type>
						<required>false</required>
						<enumeration use_for_output="false" />
					</constraints>
					<error xmlns="http://www.hyfinity.com/formmaker">
						<hint class="hintIcon" style="" use="false">Enter a hint here.</hint>
						<server class="errorIcon" retain="false" style="" use="false" />
					</error>
					<palette_ref control="Hidden" xmlns="http://www.hyfinity.com/formmaker" />
				</fm:element>
			</fm:group>
		</fm:group>
		<fm:element disable="false" disable_method="disabled" generate="true" hide="false" name="selectivePlacementFactor">
			<field xmlns="http://www.hyfinity.com/formmaker">
				<input caption="true" default="1" options="static" unchecked_value="false">checkbox</input>
				<style class="defaultBackground checkboxControl" options="static" style="" />
				<element_style class="checkbox" options="static" style="" />
				<date_picker class="" content="" required="false" type="normal" />
				<label class="label" options="static" required="true" style="" type="static" value="Selective Placement Factor (approval required)">
					<container class="labelBackground labelControl" options="static">
						<content_alignment halign="left" valign="middle" />
						<sizing height="custom" width="custom" />
					</container>
				</label>
				<container>
					<content_alignment halign="left" valign="middle" />
					<sizing height="custom" width="custom" />
				</container>
			</field>
			<constraints validate="true" xmlns="http://www.hyfinity.com/formmaker">
				<type>string</type>
				<required>false</required>
				<enumeration use_for_output="false">
					<include value="1">1</include>
					<include value="2">2</include>
					<include value="3">3</include>
					<include value="4">4</include>
					<include value="5">5</include>
				</enumeration>
			</constraints>
			<error xmlns="http://www.hyfinity.com/formmaker">
				<hint class="hintIcon" style="" use="false">Enter a hint here.</hint>
				<server class="errorIcon" retain="false" style="" use="false" />
			</error>
			<palette_ref control="Checkbox" xmlns="http://www.hyfinity.com/formmaker" />
			<accessibility xmlns="http://www.hyfinity.com/formmaker">
				<alt>Check if Selective Placement Factor (SPF) approval required</alt>
			</accessibility>
		</fm:element>
		<fm:element disable="false" disable_method="disabled" generate="true" hide="false" name="completedJobAnalysisDated072017">
			<field xmlns="http://www.hyfinity.com/formmaker">
				<input caption="true" default="1" options="static" unchecked_value="false">checkbox</input>
				<style class="defaultBackground checkboxControl" options="static" style="" />
				<element_style class="checkbox" options="static" style="" />
				<date_picker class="" content="" required="false" type="normal" />
				<label class="label" options="static" required="true" style="" type="static" value="Do you have a completed job analysis dated 07/2017 or beyond?">
					<container class="labelBackground labelControl" options="static">
						<content_alignment halign="left" valign="middle" />
						<sizing height="custom" width="custom" />
					</container>
				</label>
				<container>
					<sizing height="custom" width="custom" />
				</container>
			</field>
			<constraints validate="true" xmlns="http://www.hyfinity.com/formmaker">
				<type>string</type>
				<required>false</required>
				<enumeration use_for_output="false">
					<include value="1">1</include>
					<include value="2">2</include>
					<include value="3">3</include>
					<include value="4">4</include>
					<include value="5">5</include>
				</enumeration>
			</constraints>
			<error xmlns="http://www.hyfinity.com/formmaker">
				<hint class="hintIcon" style="" use="false">Enter a hint here.</hint>
				<server class="errorIcon" retain="false" style="" use="false" />
			</error>
			<palette_ref control="Checkbox" xmlns="http://www.hyfinity.com/formmaker" />
			<accessibility xmlns="http://www.hyfinity.com/formmaker">
				<alt>Do you have a completed job analysis?  If yes, consider uploading the job analysis to this request.</alt>
			</accessibility>
		</fm:element>
		<fm:group border_styling="false" compatability="false" fieldset="false" gen_method="layout" hide="false" label_position="left" name="specialized_experience_layout_group" submit_if_hidden="true">
			<label class="label" options="static" position="outside_group" position_override="top" required="false" style="" type="static" value="Layout Group" xmlns="http://www.hyfinity.com/formmaker">
				<container class="groupLabelBackground" options="static" style="">
					<content_alignment distribution="vertical" />
				</container>
			</label>
			<style class="" options="static" style="" xmlns="http://www.hyfinity.com/formmaker" />
			<fm:content_alignment distribution="vertical" halign="left" valign="top" />
			<fm:sizing height="fit_to_content" width="fully_expand" />
			<palette_ref control="Layout Group" xmlns="http://www.hyfinity.com/formmaker" />
			<fm:custom name="specializedExperienceNode_2" type="custom">
				<fm:code>
					<span class="fieldDesc" xmlns="">Write the specialized experience in the field provided below, if applicable:</span>
				</fm:code>
				<fm:description>Enter a description.</fm:description>
				<palette_ref control="Custom" xmlns="http://www.hyfinity.com/formmaker" />
			</fm:custom>
			<fm:element disable="false" disable_method="read_only" generate="true" hide="false" name="specializedExperience">
				<field xmlns="http://www.hyfinity.com/formmaker">
					<input expandable="true" max="10" min="3" options="static" size="35">textarea</input>
					<style class="defaultBackground textareaControl" options="static" style="" />
					<element_style class="textbox form-control" options="static" style="width : 800px;" />
					<date_picker class="datePickerIcon" content="" required="false" type="normal" />
					<label class="label" options="static" position_override="left" required="true" style="" type="static" value="Specialized Experience">
						<container class="labelBackground labelControl" options="static" style="width : 250px;">
							<content_alignment halign="right" valign="middle" />
							<sizing width="custom" />
						</container>
					</label>
					<container />
				</field>
				<constraints validate="true" xmlns="http://www.hyfinity.com/formmaker">
					<type>string</type>
					<required>false</required>
					<maxLength>3000</maxLength>
					<enumeration use_for_output="false" />
				</constraints>
				<error xmlns="http://www.hyfinity.com/formmaker">
					<hint class="hintIcon" style="" use="false">Enter a hint here.</hint>
					<server class="errorIcon" retain="false" style="" use="false" />
				</error>
				<palette_ref control="Text Area" xmlns="http://www.hyfinity.com/formmaker" />
				<accessibility xmlns="http://www.hyfinity.com/formmaker">
					<alt>Write the specialized experience in the block provided below, if applicable.</alt>
				</accessibility>
				<events xmlns="http://www.hyfinity.com/formmaker" />
				<custom_attributes xmlns="http://www.hyfinity.com/formmaker">
					<attribute name="maxLength" type="custom" value="3000" />
				</custom_attributes>
			</fm:element>
			<fm:custom name="specializedExperienceNode" type="custom">
				<fm:code>
					<span class="fieldDesc" xmlns="">NOTE: the job opportunity announcement will also need 3 to 5 bullets listing the major duties.</span>
				</fm:code>
				<fm:description>Enter a description.</fm:description>
				<palette_ref control="Custom" xmlns="http://www.hyfinity.com/formmaker" />
			</fm:custom>
		</fm:group>
		<fm:group border_styling="false" compatability="false" fieldset="false" gen_method="layout" hide="false" label_position="left" name="additional_recruitment_layout_group" submit_if_hidden="true">
			<label class="label" options="static" position="outside_group" position_override="top" required="false" style="" type="static" value="Layout Group" xmlns="http://www.hyfinity.com/formmaker">
				<container class="groupLabelBackground" options="static" style="">
					<content_alignment distribution="vertical" />
				</container>
			</label>
			<style class="" options="static" style="" xmlns="http://www.hyfinity.com/formmaker" />
			<fm:content_alignment distribution="vertical" halign="left" valign="middle" />
			<fm:sizing height="fit_to_content" width="fully_expand" />
			<palette_ref control="Layout Group" xmlns="http://www.hyfinity.com/formmaker" />
			<fm:custom name="additional_recruitment_header_custom_code" type="custom">
				<fm:code>
					<div class="groupHeader" xmlns="">
						<span class="groupHeaderTitle">Additional Recruitment</span>
						<span class="groupHeaderDesc">Select any additional recruitment posting options and identify targeted sites</span>
					</div>
				</fm:code>
				<fm:description>Enter a description.</fm:description>
				<palette_ref control="Custom" xmlns="http://www.hyfinity.com/formmaker" />
			</fm:custom>
			<fm:group border_styling="false" compatability="false" fieldset="false" gen_method="layout" hide="false" label_position="left" name="layout_group" submit_if_hidden="true">
				<label class="label" options="static" position="outside_group" position_override="top" required="false" style="" type="static" value="Layout Group" xmlns="http://www.hyfinity.com/formmaker">
					<container class="groupLabelBackground" options="static" style="" />
				</label>
				<style class="" options="static" style="" xmlns="http://www.hyfinity.com/formmaker" />
				<fm:content_alignment distribution="horizontal" halign="left" valign="top" />
				<fm:sizing height="fit_to_content" width="fully_expand" />
				<palette_ref control="Layout Group" xmlns="http://www.hyfinity.com/formmaker" />
				<fm:element disable="false" disable_method="disabled" generate="true" hide="false" name="additionalRecruitment_input">
					<field xmlns="http://www.hyfinity.com/formmaker">
						<input dropdown_default="Select all that apply" options="dynamic">select</input>
						<style class="defaultBackground selectControl" options="static" style="" />
						<element_style class="select form-control" options="static" style="width : 290px;" />
						<date_picker class="" content="" required="false" type="normal" />
						<label class="label " options="static" required="true" style="" type="static" value="Recruitment/Posting Options">
							<container class="labelBackground labelControl" options="static">
								<content_alignment halign="right" valign="middle" />
								<sizing width="custom" />
							</container>
						</label>
						<container>
							<sizing width="custom" />
						</container>
					</field>
					<constraints validate="true" xmlns="http://www.hyfinity.com/formmaker">
						<type>string</type>
						<required>false</required>
						<enumeration use_for_output="false" />
					</constraints>
					<error xmlns="http://www.hyfinity.com/formmaker">
						<hint class="hintIcon" style="" use="false">Enter a hint here.</hint>
						<server class="errorIcon" retain="false" style="" use="false" />
					</error>
					<palette_ref control="Select Box" xmlns="http://www.hyfinity.com/formmaker" />
					<accessibility xmlns="http://www.hyfinity.com/formmaker">
						<alt>Select recruitment/posting options. If needed, enter details in the &quot;Other&quot; textbox.</alt>
					</accessibility>
				</fm:element>
				<fm:custom name="additionalRecruitment_selected_value_place_holder_2" type="custom">
					<fm:code>
						<div aria-live="polite" class="hide selectedValuePlaceHolder" id="additionalRecruitment_selected_value_place_holder" tabindex="0" xmlns="">
							<label class="selectedValueCaption">Selected Recruitment/Posting Options</label>
							<ul class="selectedValueContainer" />
						</div>
					</fm:code>
					<fm:description>Enter a description.</fm:description>
					<palette_ref control="Custom" xmlns="http://www.hyfinity.com/formmaker" />
				</fm:custom>
				<fm:element disable="false" disable_method="read_only" generate="true" hide="false" name="additionalRecruitment">
					<field xmlns="http://www.hyfinity.com/formmaker">
						<input options="dynamic">hidden</input>
						<style class="hide" options="static" style="" />
						<element_style class="hide" options="static" style="" />
						<date_picker class="" content="" required="false" type="normal" />
						<label class="hide" options="static" required="false" style="" type="static" value="Hidden Label">
							<container class="hide" options="static" style="" />
						</label>
						<container />
					</field>
					<constraints validate="false" xmlns="http://www.hyfinity.com/formmaker">
						<type>string</type>
						<required>false</required>
						<enumeration use_for_output="false" />
					</constraints>
					<error xmlns="http://www.hyfinity.com/formmaker">
						<hint class="hintIcon" style="" use="false">Enter a hint here.</hint>
						<server class="errorIcon" retain="false" style="" use="false" />
					</error>
					<palette_ref control="Hidden" xmlns="http://www.hyfinity.com/formmaker" />
				</fm:element>
			</fm:group>
			<fm:group border_styling="false" compatability="false" fieldset="false" gen_method="layout" hide="false" label_position="left" name="otherRecruitment_layout_group" submit_if_hidden="true">
				<label class="label" options="static" position="outside_group" position_override="top" required="false" style="" type="static" value="Layout Group" xmlns="http://www.hyfinity.com/formmaker">
					<container class="groupLabelBackground" options="static" style="">
						<content_alignment distribution="vertical" />
					</container>
				</label>
				<style class="" options="static" style="" xmlns="http://www.hyfinity.com/formmaker" />
				<fm:content_alignment distribution="vertical" halign="left" valign="top" />
				<fm:sizing height="fit_to_content" width="fully_expand" />
				<palette_ref control="Layout Group" xmlns="http://www.hyfinity.com/formmaker" />
				<fm:element disable="false" disable_method="read_only" generate="true" hide="false" name="otherRecruitment">
					<field xmlns="http://www.hyfinity.com/formmaker">
						<input expandable="true" max="2" min="2" options="static" size="45">textarea</input>
						<style class="defaultBackground textareaControl" options="static" style="" />
						<element_style class="textbox" options="static" style="width : 800px;" />
						<date_picker class="datePickerIcon" content="" required="false" type="normal" />
						<label class="label" options="static" required="true" style="" type="static" value="Other Recruitment">
							<container class="labelBackground labelControl" options="static" style="width : 272px;">
								<content_alignment halign="right" valign="middle" />
								<sizing width="custom" />
							</container>
						</label>
						<container />
					</field>
					<constraints validate="true" xmlns="http://www.hyfinity.com/formmaker">
						<type>string</type>
						<required>false</required>
						<maxLength>200</maxLength>
						<enumeration use_for_output="false" />
					</constraints>
					<error xmlns="http://www.hyfinity.com/formmaker">
						<hint class="hintIcon" style="" use="false">Enter a hint here.</hint>
						<server class="errorIcon" retain="false" style="" use="false" />
					</error>
					<palette_ref control="Text Area" xmlns="http://www.hyfinity.com/formmaker" />
					<events xmlns="http://www.hyfinity.com/formmaker" />
					<custom_attributes xmlns="http://www.hyfinity.com/formmaker">
						<attribute name="maxLength" type="custom" value="200" />
					</custom_attributes>
					<accessibility xmlns="http://www.hyfinity.com/formmaker">
						<alt>List any additional recruitment/posting options and identify targeted sites.</alt>
					</accessibility>
				</fm:element>
				<fm:custom name="other_recruitment_desc" type="custom">
					<fm:code>
						<span class="fieldDesc" id="additionalRecruitmentDesc" xmlns="">(Any social media sites, schools/universities that you would like to discuss with HR recruitment)</span>
					</fm:code>
					<fm:description>Enter a description.</fm:description>
					<palette_ref control="Custom" xmlns="http://www.hyfinity.com/formmaker" />
				</fm:custom>
			</fm:group>
		</fm:group>
		<fm:group border_styling="false" compatability="false" fieldset="false" gen_method="layout" hide="false" label_position="left" name="subject_matter_expert_recruitment_layout_group" submit_if_hidden="true">
			<label class="label" options="static" position="outside_group" position_override="top" required="false" style="" type="static" value="Layout Group" xmlns="http://www.hyfinity.com/formmaker">
				<container class="groupLabelBackground" options="static" style="">
					<content_alignment distribution="vertical" />
				</container>
			</label>
			<style class="" options="static" style="" xmlns="http://www.hyfinity.com/formmaker" />
			<fm:content_alignment distribution="vertical" halign="left" valign="middle" />
			<fm:sizing height="fit_to_content" width="fully_expand" />
			<palette_ref control="Layout Group" xmlns="http://www.hyfinity.com/formmaker" />
			<fm:custom name="subject_matter_expert_recruitment_layout_group_header_custom_code" type="custom">
				<fm:code>
					<div class="groupHeader" xmlns="">
						<span class="groupHeaderTitle">Subject Matter Expert (SME)</span>
					</div>
				</fm:code>
				<fm:description>Enter a description.</fm:description>
				<palette_ref control="Custom" xmlns="http://www.hyfinity.com/formmaker" />
			</fm:custom>
			<fm:element disable="false" disable_method="read_only" generate="true" hide="false" name="subjectMatterExpertInfo">
				<field xmlns="http://www.hyfinity.com/formmaker">
					<input expandable="true" max="10" min="2" options="dynamic" size="40">textarea</input>
					<style class="defaultBackground textareaControl" options="static" style="" />
					<element_style class="textbox" options="static" style="width : 800px;" />
					<date_picker class="datePickerIcon" content="" required="false" type="normal" />
					<fm:label class="label" options="static" required="true" style="" type="static" value="Subject Matter Expert (SME) Name, Title, and Grade">
						<fm:container class="labelBackground labelControl" options="static" style="">
							<content_alignment halign="right" valign="middle" />
							<sizing width="custom" />
						</fm:container>
					</fm:label>
					<container />
				</field>
				<constraints validate="true" xmlns="http://www.hyfinity.com/formmaker">
					<type>string</type>
					<required>false</required>
					<maxLength>200</maxLength>
					<enumeration use_for_output="false" />
				</constraints>
				<error xmlns="http://www.hyfinity.com/formmaker">
					<hint class="hintIcon" style="" use="false">Enter a hint here.</hint>
					<server class="errorIcon" retain="false" style="" use="false" />
				</error>
				<palette_ref control="Text Area" xmlns="http://www.hyfinity.com/formmaker" />
				<accessibility xmlns="http://www.hyfinity.com/formmaker">
					<alt>Enter Name, Title, Grade of the SME</alt>
				</accessibility>
				<custom_attributes xmlns="http://www.hyfinity.com/formmaker">
					<attribute name="maxLength" type="custom" value="200" />
				</custom_attributes>
			</fm:element>
		</fm:group>
		<fm:group border_styling="false" compatability="false" fieldset="false" gen_method="layout" hide="false" label_position="left" name="conditions_layout_group" submit_if_hidden="true">
			<label class="label" options="static" position="outside_group" position_override="top" required="false" style="" type="static" value="Layout Group" xmlns="http://www.hyfinity.com/formmaker">
				<container class="groupLabelBackground" options="static" style="">
					<content_alignment distribution="vertical" />
				</container>
			</label>
			<style class="" options="static" style="" xmlns="http://www.hyfinity.com/formmaker" />
			<fm:content_alignment distribution="vertical" halign="left" valign="middle" />
			<fm:sizing height="fit_to_content" width="fully_expand" />
			<palette_ref control="Layout Group" xmlns="http://www.hyfinity.com/formmaker" />
			<fm:custom name="conditions_layout_group_header_custom_code" type="custom">
				<fm:code>
					<div class="groupHeader" xmlns="">
						<span class="groupHeaderTitle">Conditions of Employment will vary depending on the position being filled</span>
						<span class="groupHeaderDesc">Select the ones that apply to the position</span>
					</div>
				</fm:code>
				<fm:description>Enter a description.</fm:description>
				<palette_ref control="Custom" xmlns="http://www.hyfinity.com/formmaker" />
			</fm:custom>
			<fm:group border_styling="false" compatability="false" fieldset="false" gen_method="grid" hide="false" label_position="left" name="conditions_table_layout" submit_if_hidden="true">
				<label class="label" options="static" position="outside_group" position_override="top" required="false" style="" type="static" value="Layout Grid" xmlns="http://www.hyfinity.com/formmaker">
					<container class="groupLabelBackground" options="static" style="">
						<content_alignment distribution="vertical" halign="left" valign="middle" />
						<sizing height="custom" width="fully_expand" />
					</container>
				</label>
				<style class="" options="static" style="" xmlns="http://www.hyfinity.com/formmaker" />
				<fm:grid_structure cols="2" rows="1">
					<fm:grid_component col="1" name="conditions_table_layout_column_1" row="1" />
					<fm:grid_component col="2" name="conditions_table_layout_column_2" row="1" />
				</fm:grid_structure>
				<fm:palette_ref control="Two Columns" />
				<fm:sizing height="fit_to_content" width="custom" />
				<fm:group border_styling="false" compatability="false" fieldset="false" gen_method="layout" hide="false" label_position="left" name="conditions_table_layout_column_1" submit_if_hidden="true">
					<label class="label" options="static" position="outside_group" position_override="top" required="false" style="" type="static" value="Container Group 1" xmlns="http://www.hyfinity.com/formmaker">
						<container class="groupLabelBackground" options="static" style="">
							<content_alignment distribution="vertical" />
						</container>
					</label>
					<style class="" options="static" style="width: 50%;" xmlns="http://www.hyfinity.com/formmaker" />
					<fm:palette_ref control="Layout Group" />
					<fm:content_alignment distribution="vertical" halign="right" valign="top" />
					<fm:sizing height="fit_to_content" width="custom" />
					<fm:element disable="false" disable_method="disabled" generate="true" hide="false" name="conditionRequireLicensure">
						<field xmlns="http://www.hyfinity.com/formmaker">
							<input caption="true" default="1" options="static" unchecked_value="false">checkbox</input>
							<style class="defaultBackground checkboxControl" options="static" style="" />
							<element_style class="checkbox" options="static" style="" />
							<date_picker class="" content="" required="false" type="normal" />
							<label class="label" options="static" required="true" style="" type="static" value="Does this position require licensure/certification/registration?">
								<container class="labelBackground labelControl" options="static">
									<content_alignment halign="right" valign="middle" />
									<sizing height="custom" width="custom" />
								</container>
							</label>
							<container>
								<sizing height="custom" width="custom" />
							</container>
						</field>
						<constraints validate="true" xmlns="http://www.hyfinity.com/formmaker">
							<type>string</type>
							<required>false</required>
							<enumeration use_for_output="false">
								<include value="1">1</include>
								<include value="2">2</include>
								<include value="3">3</include>
								<include value="4">4</include>
								<include value="5">5</include>
							</enumeration>
						</constraints>
						<error xmlns="http://www.hyfinity.com/formmaker">
							<hint class="hintIcon" style="" use="false">Enter a hint here.</hint>
							<server class="errorIcon" retain="false" style="" use="false" />
						</error>
						<palette_ref control="Checkbox" xmlns="http://www.hyfinity.com/formmaker" />
						<accessibility xmlns="http://www.hyfinity.com/formmaker">
							<alt>Check if this position requires licensure/certification/registration</alt>
						</accessibility>
					</fm:element>
					<fm:group border_styling="false" compatability="false" fieldset="false" gen_method="layout" hide="false" label_position="left" name="conditionWait_layout_group" submit_if_hidden="true">
						<label class="label" options="static" position="outside_group" position_override="top" required="false" style="" type="static" value="Layout Group" xmlns="http://www.hyfinity.com/formmaker">
							<container class="groupLabelBackground" options="static" style="">
								<content_alignment distribution="vertical" />
							</container>
						</label>
						<style class="" options="static" style="" xmlns="http://www.hyfinity.com/formmaker" />
						<fm:content_alignment distribution="vertical" halign="right" valign="top" />
						<fm:sizing height="fit_to_content" width="fully_expand" />
						<palette_ref control="Layout Group" xmlns="http://www.hyfinity.com/formmaker" />
						<fm:element disable="false" disable_method="disabled" generate="true" hide="false" name="conditionWait">
							<field xmlns="http://www.hyfinity.com/formmaker">
								<input caption="true" default="1" options="static" unchecked_value="false">checkbox</input>
								<style class="defaultBackground checkboxControl" options="static" style="" />
								<element_style class="checkbox" options="static" style="" />
								<date_picker class="" content="" required="false" type="normal" />
								<label class="label " options="static" required="true" style="" type="static" value="Are you willing to wait up to 9 months after applicant applies?">
									<container class="labelBackground labelControl " options="static">
										<content_alignment halign="right" valign="middle" />
										<sizing height="custom" width="custom" />
									</container>
								</label>
								<container>
									<sizing height="custom" width="custom" />
								</container>
							</field>
							<constraints validate="true" xmlns="http://www.hyfinity.com/formmaker">
								<type>string</type>
								<required>false</required>
								<enumeration use_for_output="false">
									<include value="1">1</include>
									<include value="2">2</include>
									<include value="3">3</include>
									<include value="4">4</include>
									<include value="5">5</include>
								</enumeration>
							</constraints>
							<error xmlns="http://www.hyfinity.com/formmaker">
								<hint class="hintIcon" style="" use="false">Enter a hint here.</hint>
								<server class="errorIcon" retain="false" style="" use="false" />
							</error>
							<palette_ref control="Checkbox" xmlns="http://www.hyfinity.com/formmaker" />
							<accessibility xmlns="http://www.hyfinity.com/formmaker">
								<alt>If yes, are you willing to wait up to 9 months after the date applicant applied?</alt>
							</accessibility>
						</fm:element>
						<fm:group border_styling="false" compatability="false" fieldset="false" gen_method="layout" hide="false" label_position="left" name="conditionWaitMonth_layout_group" submit_if_hidden="true">
							<label class="label" options="static" position="outside_group" position_override="top" required="false" style="" type="static" value="Layout Group" xmlns="http://www.hyfinity.com/formmaker">
								<container class="groupLabelBackground" options="static" style="">
									<content_alignment distribution="vertical" />
								</container>
							</label>
							<style class="" options="static" style="" xmlns="http://www.hyfinity.com/formmaker" />
							<fm:content_alignment distribution="vertical" halign="right" valign="top" />
							<fm:sizing height="fit_to_content" width="fully_expand" />
							<palette_ref control="Layout Group" xmlns="http://www.hyfinity.com/formmaker" />
							<fm:element disable="false" disable_method="disabled" generate="true" hide="false" name="conditionWaitMonth">
								<field xmlns="http://www.hyfinity.com/formmaker">
									<input caption="true" default="1" dropdown_default="Select one" options="static">select</input>
									<style class="defaultBackground selectControl" options="static" style="" />
									<element_style class="select" options="static" style="" />
									<date_picker class="" content="" required="false" type="normal" />
									<fm:label class="label" options="static" required="true" style="" type="static" value="How many months are you willing to wait?">
										<fm:container class="labelBackground labelControl" options="static" style="">
											<content_alignment halign="right" valign="middle" />
											<sizing height="custom" width="custom" />
										</fm:container>
									</fm:label>
									<container>
										<sizing height="custom" width="custom" />
									</container>
								</field>
								<constraints validate="true" xmlns="http://www.hyfinity.com/formmaker">
									<type>string</type>
									<required>false</required>
									<enumeration use_for_output="false">
										<include value="1">1</include>
										<include value="2">2</include>
										<include value="3">3</include>
										<include value="4">4</include>
										<include value="5">5</include>
										<include value="6">6</include>
										<include value="7">7</include>
										<include value="8">8</include>
										<include value="9">9</include>
									</enumeration>
								</constraints>
								<error xmlns="http://www.hyfinity.com/formmaker">
									<hint class="hintIcon" style="" use="false">Enter a hint here.</hint>
									<server class="errorIcon" retain="false" style="" use="false" />
								</error>
								<palette_ref control="Select Box" xmlns="http://www.hyfinity.com/formmaker" />
								<accessibility xmlns="http://www.hyfinity.com/formmaker">
									<alt>If yes, how many months are you willing to wait?</alt>
								</accessibility>
							</fm:element>
						</fm:group>
					</fm:group>
					<fm:element disable="false" disable_method="disabled" generate="true" hide="false" name="conditionShiftWork">
						<field xmlns="http://www.hyfinity.com/formmaker">
							<input caption="true" default="1" options="static" unchecked_value="false">checkbox</input>
							<style class="defaultBackground checkboxControl" options="static" style="" />
							<element_style class="checkbox" options="static" style="" />
							<date_picker class="" content="" required="false" type="normal" />
							<label class="label" options="static" required="true" style="" type="static" value="Does this position require Shift work and work on weekends?">
								<container class="labelBackground labelControl" options="static">
									<content_alignment halign="right" valign="middle" />
									<sizing height="custom" width="custom" />
								</container>
							</label>
							<container>
								<sizing height="custom" width="custom" />
							</container>
						</field>
						<constraints validate="true" xmlns="http://www.hyfinity.com/formmaker">
							<type>string</type>
							<required>false</required>
							<enumeration use_for_output="false">
								<include value="1">1</include>
								<include value="2">2</include>
								<include value="3">3</include>
								<include value="4">4</include>
								<include value="5">5</include>
							</enumeration>
						</constraints>
						<error xmlns="http://www.hyfinity.com/formmaker">
							<hint class="hintIcon" style="" use="false">Enter a hint here.</hint>
							<server class="errorIcon" retain="false" style="" use="false" />
						</error>
						<palette_ref control="Checkbox" xmlns="http://www.hyfinity.com/formmaker" />
					</fm:element>
					<fm:element disable="false" disable_method="disabled" generate="true" hide="false" name="conditionStandbyDuty">
						<field xmlns="http://www.hyfinity.com/formmaker">
							<input caption="true" default="1" options="static" unchecked_value="false">checkbox</input>
							<style class="defaultBackground checkboxControl" options="static" style="" />
							<element_style class="checkbox" options="static" style="" />
							<date_picker class="" content="" required="false" type="normal" />
							<label class="label" options="static" required="true" style="" type="static" value="Is this position approved for regularly scheduled standby duty?">
								<container class="labelBackground labelControl" options="static">
									<content_alignment halign="right" valign="middle" />
									<sizing height="custom" width="custom" />
								</container>
							</label>
							<container>
								<sizing height="custom" width="custom" />
							</container>
						</field>
						<constraints validate="true" xmlns="http://www.hyfinity.com/formmaker">
							<type>string</type>
							<required>false</required>
							<enumeration use_for_output="false">
								<include value="1">1</include>
								<include value="2">2</include>
								<include value="3">3</include>
								<include value="4">4</include>
								<include value="5">5</include>
							</enumeration>
						</constraints>
						<error xmlns="http://www.hyfinity.com/formmaker">
							<hint class="hintIcon" style="" use="false">Enter a hint here.</hint>
							<server class="errorIcon" retain="false" style="" use="false" />
						</error>
						<palette_ref control="Checkbox" xmlns="http://www.hyfinity.com/formmaker" />
						<accessibility xmlns="http://www.hyfinity.com/formmaker">
							<alt>Does this position require incumbent to remain at, or within the confines of, a duty station longer than ordinary periods of duty? </alt>
						</accessibility>
					</fm:element>
					<fm:element disable="false" disable_method="disabled" generate="true" hide="false" name="conditionOncall">
						<field xmlns="http://www.hyfinity.com/formmaker">
							<input caption="true" default="1" options="static" unchecked_value="false">checkbox</input>
							<style class="defaultBackground checkboxControl" options="static" style="" />
							<element_style class="checkbox" options="static" style="" />
							<date_picker class="" content="" required="false" type="normal" />
							<label class="label" options="static" required="true" style="" type="static" value="On-Call Status required">
								<container class="labelBackground labelControl" options="static">
									<content_alignment halign="right" valign="middle" />
									<sizing height="custom" width="custom" />
								</container>
							</label>
							<container>
								<sizing height="custom" width="custom" />
							</container>
						</field>
						<constraints validate="true" xmlns="http://www.hyfinity.com/formmaker">
							<type>string</type>
							<required>false</required>
							<enumeration use_for_output="false">
								<include value="1">1</include>
								<include value="2">2</include>
								<include value="3">3</include>
								<include value="4">4</include>
								<include value="5">5</include>
							</enumeration>
						</constraints>
						<error xmlns="http://www.hyfinity.com/formmaker">
							<hint class="hintIcon" style="" use="false">Enter a hint here.</hint>
							<server class="errorIcon" retain="false" style="" use="false" />
						</error>
						<palette_ref control="Checkbox" xmlns="http://www.hyfinity.com/formmaker" />
						<accessibility xmlns="http://www.hyfinity.com/formmaker">
							<alt>Check if this position requires on-call status</alt>
						</accessibility>
					</fm:element>
					<fm:element disable="false" disable_method="disabled" generate="true" hide="false" name="conditionOvernightTravel">
						<field xmlns="http://www.hyfinity.com/formmaker">
							<input caption="true" default="1" options="dynamic">select</input>
							<style class="defaultBackground selectControl" options="static" style="" />
							<element_style class="select" options="static" style="" />
							<date_picker class="" content="" required="false" type="normal" />
							<fm:label class="label" options="static" required="true" style="" type="static" value="Overnight Travel">
								<fm:container class="labelBackground labelControl" options="static" style="">
									<content_alignment halign="right" valign="middle" />
									<sizing height="custom" width="custom" />
								</fm:container>
							</fm:label>
							<container>
								<sizing height="custom" width="custom" />
							</container>
						</field>
						<constraints validate="true" xmlns="http://www.hyfinity.com/formmaker">
							<type>string</type>
							<required>false</required>
							<enumeration use_for_output="false" />
						</constraints>
						<error xmlns="http://www.hyfinity.com/formmaker">
							<hint class="hintIcon" style="" use="false">Enter a hint here.</hint>
							<server class="errorIcon" retain="false" style="" use="false" />
						</error>
						<palette_ref control="Select Box" xmlns="http://www.hyfinity.com/formmaker" />
						<accessibility xmlns="http://www.hyfinity.com/formmaker">
							<alt>Number of overnight stays required for travel per month</alt>
						</accessibility>
					</fm:element>
					<fm:element disable="false" disable_method="read_only" generate="true" hide="false" name="conditionOther">
						<field xmlns="http://www.hyfinity.com/formmaker">
							<input expandable="true" max="10" min="2" options="dynamic" size="40">textarea</input>
							<style class="defaultBackground textareaControl" options="static" style="" />
							<element_style class="textbox" options="static" style="" />
							<date_picker class="datePickerIcon" content="" required="false" type="normal" />
							<label class="label" options="static" position_override="top" required="true" style="" type="static" value="What other 'conditions' must a new hire agree to, or qualify for, if they get hired and accept the job? The conditions may vary from job to job">
								<container class="labelBackground labelControl" options="static" />
							</label>
							<container />
						</field>
						<constraints validate="true" xmlns="http://www.hyfinity.com/formmaker">
							<type>string</type>
							<required>false</required>
							<maxLength>200</maxLength>
							<enumeration use_for_output="false" />
						</constraints>
						<error xmlns="http://www.hyfinity.com/formmaker">
							<hint class="hintIcon" style="" use="false">Enter a hint here.</hint>
							<server class="errorIcon" retain="false" style="" use="false" />
						</error>
						<palette_ref control="Text Area" xmlns="http://www.hyfinity.com/formmaker" />
						<accessibility xmlns="http://www.hyfinity.com/formmaker">
							<alt>Additional condition(s) not previously specified that are required for the position.</alt>
						</accessibility>
						<custom_attributes xmlns="http://www.hyfinity.com/formmaker">
							<attribute name="maxLength" type="custom" value="200" />
						</custom_attributes>
					</fm:element>
				</fm:group>
				<fm:group border_styling="false" compatability="false" fieldset="false" gen_method="layout" hide="false" label_position="left" name="conditions_table_layout_column_2" submit_if_hidden="true">
					<label class="label" options="static" position="outside_group" position_override="top" required="false" style="" type="static" value="Container Group 2" xmlns="http://www.hyfinity.com/formmaker">
						<container class="groupLabelBackground" options="static" style="">
							<content_alignment distribution="vertical" />
						</container>
					</label>
					<style class="" options="static" style="width: 50%;" xmlns="http://www.hyfinity.com/formmaker" />
					<fm:palette_ref control="Layout Group" />
					<fm:content_alignment distribution="vertical" halign="left" valign="top" />
					<fm:sizing height="fit_to_content" width="custom" />
					<fm:element disable="false" disable_method="disabled" generate="true" hide="false" name="conditionChildcare">
						<field xmlns="http://www.hyfinity.com/formmaker">
							<input caption="true" default="1" options="static" unchecked_value="false">checkbox</input>
							<style class="defaultBackground checkboxControl" options="static" style="" />
							<element_style class="checkbox" options="static" style="" />
							<date_picker class="" content="" required="false" type="normal" />
							<label class="label" options="static" required="true" style="" type="static" value="Is this position to be covered under Public Law 101630, Indian Child protection and Family Violence Prevention Act?">
								<container class="labelBackground labelControl" options="static">
									<content_alignment halign="right" valign="middle" />
									<sizing height="custom" width="custom" />
								</container>
							</label>
							<container>
								<sizing height="custom" width="custom" />
							</container>
						</field>
						<constraints validate="true" xmlns="http://www.hyfinity.com/formmaker">
							<type>string</type>
							<required>false</required>
							<enumeration use_for_output="false">
								<include value="1">1</include>
								<include value="2">2</include>
								<include value="3">3</include>
								<include value="4">4</include>
								<include value="5">5</include>
							</enumeration>
						</constraints>
						<error xmlns="http://www.hyfinity.com/formmaker">
							<hint class="hintIcon" style="" use="false">Enter a hint here.</hint>
							<server class="errorIcon" retain="false" style="" use="false" />
						</error>
						<palette_ref control="Checkbox" xmlns="http://www.hyfinity.com/formmaker" />
						<accessibility xmlns="http://www.hyfinity.com/formmaker">
							<alt>Indicate if this position is covered under Public Law 101-630, Indian Child protection and Family Violence Prevention Act.</alt>
						</accessibility>
					</fm:element>
					<fm:element disable="false" disable_method="disabled" generate="true" hide="false" name="conditionCredentialing">
						<field xmlns="http://www.hyfinity.com/formmaker">
							<input caption="true" default="1" options="static" unchecked_value="false">checkbox</input>
							<style class="defaultBackground checkboxControl" options="static" style="" />
							<element_style class="checkbox" options="static" style="" />
							<date_picker class="" content="" required="false" type="normal" />
							<label class="label" options="static" required="true" style="" type="static" value="Credentialing/Privileging Required">
								<container class="labelBackground labelControl" options="static">
									<content_alignment halign="right" valign="middle" />
									<sizing height="custom" width="custom" />
								</container>
							</label>
							<container>
								<sizing height="custom" width="custom" />
							</container>
						</field>
						<constraints validate="true" xmlns="http://www.hyfinity.com/formmaker">
							<type>string</type>
							<required>false</required>
							<enumeration use_for_output="false">
								<include value="1">1</include>
								<include value="2">2</include>
								<include value="3">3</include>
								<include value="4">4</include>
								<include value="5">5</include>
							</enumeration>
						</constraints>
						<error xmlns="http://www.hyfinity.com/formmaker">
							<hint class="hintIcon" style="" use="false">Enter a hint here.</hint>
							<server class="errorIcon" retain="false" style="" use="false" />
						</error>
						<palette_ref control="Checkbox" xmlns="http://www.hyfinity.com/formmaker" />
						<accessibility xmlns="http://www.hyfinity.com/formmaker">
							<alt>Is Credentialing/Privileging required for this position?</alt>
						</accessibility>
					</fm:element>
					<fm:element disable="false" disable_method="disabled" generate="true" hide="false" name="conditionDrugTesting">
						<field xmlns="http://www.hyfinity.com/formmaker">
							<input caption="true" default="1" options="static" unchecked_value="false">checkbox</input>
							<style class="defaultBackground checkboxControl" options="static" style="" />
							<element_style class="checkbox" options="static" style="" />
							<date_picker class="" content="" required="false" type="normal" />
							<label class="label" options="static" required="true" style="" type="static" value="Drug Testing Required">
								<container class="labelBackground labelControl" options="static">
									<content_alignment halign="right" valign="middle" />
									<sizing height="custom" width="custom" />
								</container>
							</label>
							<container>
								<sizing height="custom" width="custom" />
							</container>
						</field>
						<constraints validate="true" xmlns="http://www.hyfinity.com/formmaker">
							<type>string</type>
							<required>false</required>
							<enumeration use_for_output="false">
								<include value="1">1</include>
								<include value="2">2</include>
								<include value="3">3</include>
								<include value="4">4</include>
								<include value="5">5</include>
							</enumeration>
						</constraints>
						<error xmlns="http://www.hyfinity.com/formmaker">
							<hint class="hintIcon" style="" use="false">Enter a hint here.</hint>
							<server class="errorIcon" retain="false" style="" use="false" />
						</error>
						<palette_ref control="Checkbox" xmlns="http://www.hyfinity.com/formmaker" />
						<accessibility xmlns="http://www.hyfinity.com/formmaker">
							<alt>Check if drug testing is required for position</alt>
						</accessibility>
					</fm:element>
					<fm:element disable="false" disable_method="disabled" generate="true" hide="false" name="conditionEmergencyEssential">
						<field xmlns="http://www.hyfinity.com/formmaker">
							<input caption="true" default="1" options="static" unchecked_value="false">checkbox</input>
							<style class="defaultBackground checkboxControl" options="static" style="" />
							<element_style class="checkbox" options="static" style="" />
							<date_picker class="" content="" required="false" type="normal" />
							<label class="label" options="static" required="true" style="" type="static" value="Emergency Essential Position">
								<container class="labelBackground labelControl" options="static">
									<content_alignment halign="right" valign="middle" />
									<sizing height="custom" width="custom" />
								</container>
							</label>
							<container>
								<sizing height="custom" width="custom" />
							</container>
						</field>
						<constraints validate="true" xmlns="http://www.hyfinity.com/formmaker">
							<type>string</type>
							<required>false</required>
							<enumeration use_for_output="false">
								<include value="1">1</include>
								<include value="2">2</include>
								<include value="3">3</include>
								<include value="4">4</include>
								<include value="5">5</include>
							</enumeration>
						</constraints>
						<error xmlns="http://www.hyfinity.com/formmaker">
							<hint class="hintIcon" style="" use="false">Enter a hint here.</hint>
							<server class="errorIcon" retain="false" style="" use="false" />
						</error>
						<palette_ref control="Checkbox" xmlns="http://www.hyfinity.com/formmaker" />
						<accessibility xmlns="http://www.hyfinity.com/formmaker">
							<alt>Check if this is an Emergency Essential Position</alt>
						</accessibility>
					</fm:element>
					<fm:element disable="false" disable_method="disabled" generate="true" hide="false" name="conditionImmunizationRecord">
						<field xmlns="http://www.hyfinity.com/formmaker">
							<input caption="true" default="1" options="static" unchecked_value="false">checkbox</input>
							<style class="defaultBackground checkboxControl" options="static" style="" />
							<element_style class="checkbox" options="static" style="" />
							<date_picker class="" content="" required="false" type="normal" />
							<label class="label" options="static" required="true" style="" type="static" value="Immunization Record Required">
								<container class="labelBackground labelControl" options="static">
									<content_alignment halign="right" valign="middle" />
									<sizing height="custom" width="custom" />
								</container>
							</label>
							<container>
								<sizing height="custom" width="custom" />
							</container>
						</field>
						<constraints validate="true" xmlns="http://www.hyfinity.com/formmaker">
							<type>string</type>
							<required>false</required>
							<enumeration use_for_output="false">
								<include value="1">1</include>
								<include value="2">2</include>
								<include value="3">3</include>
								<include value="4">4</include>
								<include value="5">5</include>
							</enumeration>
						</constraints>
						<error xmlns="http://www.hyfinity.com/formmaker">
							<hint class="hintIcon" style="" use="false">Enter a hint here.</hint>
							<server class="errorIcon" retain="false" style="" use="false" />
						</error>
						<palette_ref control="Checkbox" xmlns="http://www.hyfinity.com/formmaker" />
						<accessibility xmlns="http://www.hyfinity.com/formmaker">
							<alt>Check if Immunization Record is required for this position</alt>
						</accessibility>
					</fm:element>
					<fm:element disable="false" disable_method="disabled" generate="true" hide="false" name="conditionPreEmploymentPhysical">
						<field xmlns="http://www.hyfinity.com/formmaker">
							<input caption="true" default="1" options="static" unchecked_value="false">checkbox</input>
							<style class="defaultBackground checkboxControl" options="static" style="" />
							<element_style class="checkbox" options="static" style="" />
							<date_picker class="" content="" required="false" type="normal" />
							<label class="label" options="static" required="true" style="" type="static" value="Pre-Employment Physical Required">
								<container class="labelBackground labelControl" options="static">
									<content_alignment halign="right" valign="middle" />
									<sizing height="custom" width="custom" />
								</container>
							</label>
							<container>
								<sizing height="custom" width="custom" />
							</container>
						</field>
						<constraints validate="true" xmlns="http://www.hyfinity.com/formmaker">
							<type>string</type>
							<required>false</required>
							<enumeration use_for_output="false">
								<include value="1">1</include>
								<include value="2">2</include>
								<include value="3">3</include>
								<include value="4">4</include>
								<include value="5">5</include>
							</enumeration>
						</constraints>
						<error xmlns="http://www.hyfinity.com/formmaker">
							<hint class="hintIcon" style="" use="false">Enter a hint here.</hint>
							<server class="errorIcon" retain="false" style="" use="false" />
						</error>
						<palette_ref control="Checkbox" xmlns="http://www.hyfinity.com/formmaker" />
						<accessibility xmlns="http://www.hyfinity.com/formmaker">
							<alt>Check if this position requires a physical that an employee must have prior to starting work.</alt>
						</accessibility>
					</fm:element>
					<fm:element disable="false" disable_method="disabled" generate="true" hide="false" name="conditionFinancialDisclosure">
						<field xmlns="http://www.hyfinity.com/formmaker">
							<input caption="true" default="1" options="static" unchecked_value="false">checkbox</input>
							<style class="defaultBackground checkboxControl" options="static" style="" />
							<element_style class="checkbox" options="static" style="" />
							<date_picker class="" content="" required="false" type="normal" />
							<label class="label" options="static" required="true" style="" type="static" value="Financial Disclosure Required">
								<container class="labelBackground labelControl" options="static">
									<content_alignment halign="right" valign="middle" />
									<sizing height="custom" width="custom" />
								</container>
							</label>
							<container>
								<sizing height="custom" width="custom" />
							</container>
						</field>
						<constraints validate="true" xmlns="http://www.hyfinity.com/formmaker">
							<type>string</type>
							<required>false</required>
							<enumeration use_for_output="false">
								<include value="1">1</include>
								<include value="2">2</include>
								<include value="3">3</include>
								<include value="4">4</include>
								<include value="5">5</include>
							</enumeration>
						</constraints>
						<error xmlns="http://www.hyfinity.com/formmaker">
							<hint class="hintIcon" style="" use="false">Enter a hint here.</hint>
							<server class="errorIcon" retain="false" style="" use="false" />
						</error>
						<palette_ref control="Checkbox" xmlns="http://www.hyfinity.com/formmaker" />
						<accessibility xmlns="http://www.hyfinity.com/formmaker">
							<alt>Check if Financial Disclosure Required</alt>
						</accessibility>
					</fm:element>
				</fm:group>
				<content_alignment distribution="vertical" halign="left" valign="top" xmlns="http://www.hyfinity.com/formmaker" />
			</fm:group>
		</fm:group>
	</fm:group>
	<fm:group border_styling="false" compatability="false" fieldset="false" gen_method="layout" hide="false" label_position="left" name="template_layout_group" submit_if_hidden="true">
		<label class="label" options="static" position="outside_group" position_override="top" required="false" style="" type="static" value="Layout Group" xmlns="http://www.hyfinity.com/formmaker">
			<container class="groupLabelBackground" options="static" style="">
				<content_alignment distribution="vertical" />
			</container>
		</label>
		<style class="hide" options="static" style="" xmlns="http://www.hyfinity.com/formmaker" />
		<fm:content_alignment distribution="vertical" halign="left" valign="top" />
		<fm:sizing height="fit_to_content" width="fully_expand" />
		<palette_ref control="Layout Group" xmlns="http://www.hyfinity.com/formmaker" />
		<fm:custom name="mustache_templates" type="custom">
			<fm:code>
				<textarea class="hide" id="simpleItemsTmpl" xmlns="">    
[[#items]]
<li class="layoutContainerContent selectedValue" id="[[fieldName]][[index]]_item">
						<div class="controlContainer labelRight">
							<div class="controlRow">
								<span class="defaultBackground hyperlinkControl " id="[[fieldName]][[index]]_container">
									<span class="controlBody">
										<a _fieldName="[[fieldName]]" _index="[[index]]" class="deleteAction" href="javascript:void(0)" onclick="removeSelectedItem(this)" role="button" title="Delete [[label]]">
											<span class="glyphicon glyphicon-remove"></span>
										</a>
									</span>
								</span>
								<span class="labelBackground labelControl " id="[[fieldName]][[index]]_label_container">
									<label class="label" id="[[fieldName]][[index]]_value">[[label]]</label>
								</span>
							</div>
						</div>
					</li>
[[/items]]
</textarea>
				<textarea class="hide" id="advertiseGradeCheckboxTmpl" xmlns="">
					<span class="controlBody isMandatory">
						<span class="selectBooleanEntry">
        [[#items]]
        <span class="selectBoolean">
								<input _element="advertiseGradeCheckbox" _required="true" _type="string" _use="selectMany" data-wm-error-msg="Please provide Grade(s)" id="advertiseGradeCheckbox[[index]]" name="advertiseGradeCheckbox" title="Select at least one grade level from which you wish to hire an applicant(s). Note: Applicants will not be recruited at the grade level(s) that are unchecked." type="checkbox" value="[[value]]" />
							</span>
							<span class="selectBooleanCaption labelAfter">
								<label class="checkbox " for="advertiseGradeCheckbox[[index]]">[[label]]</label>
							</span>
        [[/items]]
    </span>
					</span>
				</textarea>
				<textarea class="hide" id="targetGradeTmpl" xmlns="">
					<span class="controlBody isMandatory">
    [[#items]]
        <span class="selectBooleanEntry">
							<span class="selectBoolean">
								<input _required="true" _type="string" data-wm-error-msg="Please select a value for Target Grade" id="targetGrade[[index]]" name="targetGrade" title="Choose the highest grade available for a position that has promotion potential." type="radio" value="[[value]]" />
							</span>
							<span class="selectBooleanCaption labelAfter">
								<label class="radio " for="targetGrade[[index]]">[[value]]</label>
							</span>
						</span>
	[[/items]]
    <input id="targetGrade_value_if_not_submitted" name="targetGrade_value_if_not_submitted" type="hidden" value="" />
					</span>
				</textarea>
			</fm:code>
			<fm:description>Enter a description.</fm:description>
			<palette_ref control="Custom" xmlns="http://www.hyfinity.com/formmaker" />
		</fm:custom>
	</fm:group>
</fm:structure>
