<mapping wrapper="eForm_wrapper.xsl"><action desc="Refreshes the xplatform log settings" name="refresh_logs"><destination action="refresh_xplatform_log_settings" /></action><action desc="Retrieves the xplatform status information" name="get_xplatform_info"><destination action="get_xplatform_info" /></action><action desc="Reloads the application" name="reload_application"><destination action="reload_xgate_application" /></action><action desc="This is the default start action to get to the first screen in the system" name="start"><destination action="requestInboundService" desc="Generated by XGen" name="mvc-ihsrec_job-view-Page_Painter" runtime_instance="com.hyfinity.xagent.StandardXAgent" type="xagent"><param desc="The XSL to use for the next screen if everything is successfull" name="Page">BizFlowEntry.xsl</param></destination></action><action desc="Performs the showJob action" name="showJob"><destination action="requestInboundService" desc="Generated by XGen" name="mvc-ihsrec_job-view-Page_Painter" runtime_instance="com.hyfinity.xagent.StandardXAgent" type="xagent"><param desc="The XSL to use for the next screen if everything is successfull" name="Page">BizFlowEntry.xsl</param><param desc="The ID of the controller this action should use" name="Controller">mvc-ihsrec_job-JobTab-Controller</param></destination></action><action desc="Performs the showHROnly action" name="showHROnly"><destination action="requestInboundService" desc="Generated by XGen" name="mvc-ihsrec_job-view-Page_Painter" runtime_instance="com.hyfinity.xagent.StandardXAgent" type="xagent"><param desc="The XSL to use for the next screen if everything is successfull" name="Page">BizFlowEntry.xsl</param><param desc="The ID of the controller this action should use" name="Controller">mvc-ihsrec_job-HROnlyTab-Controller</param></destination></action><action desc="Performs the showApprovals action" name="showApprovals"><destination action="requestInboundService" desc="Generated by XGen" name="mvc-ihsrec_job-view-Page_Painter" runtime_instance="com.hyfinity.xagent.StandardXAgent" type="xagent"><param desc="The XSL to use for the next screen if everything is successfull" name="Page">BizFlowEntry.xsl</param><param desc="The ID of the controller this action should use" name="Controller">mvc-ihsrec_job-ApprovalsTab-Controller</param></destination></action><action desc="Performs the showCloseOut action" name="showCloseOut"><destination action="requestInboundService" desc="Generated by XGen" name="mvc-ihsrec_job-view-Page_Painter" runtime_instance="com.hyfinity.xagent.StandardXAgent" type="xagent"><param desc="The XSL to use for the next screen if everything is successfull" name="Page">BizFlowEntry.xsl</param><param desc="The ID of the controller this action should use" name="Controller">mvc-ihsrec_job-CloseOutTab-Controller</param></destination></action></mapping>