<?xml version="1.0" encoding="UTF-8"?>
<xforms xmlns="http://www.hyfinity.com/formmaker" xmlns:mvc="http://www.hyfinity.com/mvc">
	<instance_configuration />
	<page />
	<group name="record_group" />
	<group name="layout_group" />
	<group name="more_info_req_popup_dialog_content" />
	<group name="more_info_req_popup_dialog_content_layout_group" />
	<repeat name="moreInformationRequest">
		<fm:repeat_xpath xmlns:fm="http://www.hyfinity.com/formmaker">/mvc:eForm/mvc:Data/SEND_EMAIL/record</fm:repeat_xpath>
		<fm:action name="showTab1" xmlns:fm="http://www.hyfinity.com/formmaker">
			<fm:xform_xpath>/mvc:eForm/mvc:Data/mvc:formData/mvc:moreInformationRequest</fm:xform_xpath>
		</fm:action>
		<fm:action name="moreInformationRequestHistory" xmlns:fm="http://www.hyfinity.com/formmaker">
			<fm:xform_xpath>/mvc:eForm/mvc:Data/mvc:formData/mvc:moreInformationRequest</fm:xform_xpath>
		</fm:action>
		<fm:action name="loadMoreInformationRequest" xmlns:fm="http://www.hyfinity.com/formmaker">
			<fm:xform_xpath>/mvc:eForm/mvc:Data/mvc:formData/mvc:moreInformationRequest</fm:xform_xpath>
			<fm:xform_xpath>/mvc:eForm/mvc:Data/mvc:formData/mvc:moreInformationRequest</fm:xform_xpath>
		</fm:action>
		<action name="loadMoreInformationRequestMessage">
			<xform_xpath>enter_xpath_here</xform_xpath>
		</action>
		<fm:action name="empty" xmlns:fm="http://www.hyfinity.com/formmaker">
			<fm:xform_xpath>/mvc:eForm/mvc:Data/mvc:formData/mvc:moreInformationRequest</fm:xform_xpath>
		</fm:action>
	</repeat>
	<element name="CRT_DT">
		<fm:action name="moreInformationRequestHistory" xmlns:fm="http://www.hyfinity.com/formmaker">
			<fm:xform_xpath>mvc:CRT_DT</fm:xform_xpath>
		</fm:action>
		<fm:action name="showTab1" xmlns:fm="http://www.hyfinity.com/formmaker">
			<fm:xform_xpath>mvc:CRT_DT</fm:xform_xpath>
		</fm:action>
		<fm:action name="loadMoreInformationRequest" xmlns:fm="http://www.hyfinity.com/formmaker">
			<fm:xform_xpath>mvc:CRT_DT</fm:xform_xpath>
		</fm:action>
		<fm:action name="loadMoreInformationRequest" xmlns:fm="http://www.hyfinity.com/formmaker">
			<fm:xform_xpath>mvc:CRT_DT</fm:xform_xpath>
		</fm:action>
		<fm:action name="empty" xmlns:fm="http://www.hyfinity.com/formmaker">
			<fm:xform_xpath>mvc:CRT_DT</fm:xform_xpath>
		</fm:action>
		<transform_xpath>CRT_DT</transform_xpath>
		<description />
	</element>
	<element name="RCV_DT">
		<fm:action name="moreInformationRequestHistory" xmlns:fm="http://www.hyfinity.com/formmaker">
			<fm:xform_xpath>mvc:RCV_DT</fm:xform_xpath>
		</fm:action>
		<fm:action name="showTab1" xmlns:fm="http://www.hyfinity.com/formmaker">
			<fm:xform_xpath>mvc:RCV_DT</fm:xform_xpath>
		</fm:action>
		<transform_xpath>RCV_DT</transform_xpath>
		<description />
		<fm:action name="loadMoreInformationRequest" xmlns:fm="http://www.hyfinity.com/formmaker">
			<fm:xform_xpath>mvc:RCV_DT</fm:xform_xpath>
			<fm:xform_xpath>mvc:RCV_DT</fm:xform_xpath>
		</fm:action>
		<action name="loadMoreInformationRequestMessage">
			<xform_xpath>enter_xpath_here</xform_xpath>
		</action>
		<fm:action name="empty" xmlns:fm="http://www.hyfinity.com/formmaker">
			<fm:xform_xpath>mvc:RCV_DT</fm:xform_xpath>
		</fm:action>
	</element>
	<element name="viewMessage">
		<fm:action name="moreInformationRequestHistory" xmlns:fm="http://www.hyfinity.com/formmaker">
			<fm:xform_xpath>mvc:anchor</fm:xform_xpath>
		</fm:action>
		<description />
		<fm:transform_xpath xmlns:fm="http://www.hyfinity.com/formmaker">mvc:viewMessage</fm:transform_xpath>
		<fm:action name="showTab1" xmlns:fm="http://www.hyfinity.com/formmaker">
			<fm:xform_xpath>mvc:viewMessage</fm:xform_xpath>
		</fm:action>
		<fm:action name="loadMoreInformationRequest" xmlns:fm="http://www.hyfinity.com/formmaker">
			<fm:xform_xpath>mvc:viewMessage</fm:xform_xpath>
			<fm:xform_xpath>mvc:viewMessage</fm:xform_xpath>
		</fm:action>
		<fm:action name="empty" xmlns:fm="http://www.hyfinity.com/formmaker">
			<fm:xform_xpath>mvc:viewMessage</fm:xform_xpath>
		</fm:action>
	</element>
	<element name="REQUEST_ID">
		<fm:action name="moreInformationRequestHistory" xmlns:fm="http://www.hyfinity.com/formmaker">
			<fm:xform_xpath>mvc:REQUEST_ID</fm:xform_xpath>
		</fm:action>
		<fm:action name="showTab1" xmlns:fm="http://www.hyfinity.com/formmaker">
			<fm:xform_xpath>mvc:REQUEST_ID</fm:xform_xpath>
		</fm:action>
		<transform_xpath>REQUEST_ID</transform_xpath>
		<description />
		<fm:action name="loadMoreInformationRequest" xmlns:fm="http://www.hyfinity.com/formmaker">
			<fm:xform_xpath>mvc:REQUEST_ID</fm:xform_xpath>
			<fm:xform_xpath>mvc:REQUEST_ID</fm:xform_xpath>
		</fm:action>
		<action name="loadMoreInformationRequestMessage">
			<xform_xpath>enter_xpath_here</xform_xpath>
		</action>
		<fm:action name="empty" xmlns:fm="http://www.hyfinity.com/formmaker">
			<fm:xform_xpath>mvc:REQUEST_ID</fm:xform_xpath>
		</fm:action>
	</element>
	<element name="MIN_RCV_DT">
		<fm:action name="showTab1" xmlns:fm="http://www.hyfinity.com/formmaker">
			<fm:xform_xpath>mvc:MIN_RCV_DT</fm:xform_xpath>
		</fm:action>
		<fm:action name="loadMoreInformationRequest" xmlns:fm="http://www.hyfinity.com/formmaker">
			<fm:xform_xpath>mvc:MIN_RCV_DT</fm:xform_xpath>
		</fm:action>
		<transform_xpath>MIN_RCV_DT</transform_xpath>
		<description />
		<action name="loadMoreInformationRequestMessage">
			<xform_xpath>enter_xpath_here</xform_xpath>
		</action>
		<fm:action name="empty" xmlns:fm="http://www.hyfinity.com/formmaker">
			<fm:xform_xpath>mvc:MIN_RCV_DT</fm:xform_xpath>
		</fm:action>
	</element>
	<element name="SEQ">
		<fm:action name="showTab1" xmlns:fm="http://www.hyfinity.com/formmaker">
			<fm:xform_xpath>mvc:SEQ</fm:xform_xpath>
		</fm:action>
		<fm:action name="loadMoreInformationRequest" xmlns:fm="http://www.hyfinity.com/formmaker">
			<fm:xform_xpath>mvc:SEQ</fm:xform_xpath>
		</fm:action>
		<fm:action name="loadMoreInformationRequestMessage" xmlns:fm="http://www.hyfinity.com/formmaker">
			<fm:xform_xpath>mvc:SEQ</fm:xform_xpath>
		</fm:action>
		<fm:action name="empty" xmlns:fm="http://www.hyfinity.com/formmaker">
			<fm:xform_xpath>mvc:SEQ</fm:xform_xpath>
		</fm:action>
		<transform_xpath>SEQ</transform_xpath>
		<description />
	</element>
</xforms>
