<?xml version="1.0" encoding="UTF-8"?>
<xforms xmlns:mvc="http://www.hyfinity.com/mvc" xmlns="http://www.hyfinity.com/formmaker">
	<instance_configuration>
		<action name="showTab1" />
	</instance_configuration>
	<page />
	<group name="TAB1_BODY" />
	<group name="actionTypeGroup" />
	<group name="one_column_1" />
	<group name="questResp" />
	<group name="section2_group_4" />
	<group name="initialJobCodeGroup" />
	<group name="section2_group_6" />
	<group name="section2_group_7" />
	<group name="careerLadderGroup" />
	<group name="classifierGroup" />
	<group name="section2_group_11" />
	<group name="classifiedPDQ" />
	<group name="group_info_1" />
	<group name="numberSection" />
	<group name="section2_group_13" />
	<group name="section2_group_14" />
	<group name="group_info_2" />
	<group name="section2_group_16" />
	<group name="group_info_3" />
	<group name="section2_group_17" />
	<group name="section2_group_18" />
	<group name="group_info_4" />
	<group name="section2_group_19" />
	<group name="section2_group_20" />
	<group name="topSet">
		<dynamic_style_xpath style_id="1" style_type="group">enter_xpath_here</dynamic_style_xpath>
		<dynamic_style_xpath_value style_id="1" style_type="group">enter_xpath_here</dynamic_style_xpath_value>
	</group>
	<group name="classificationStatus" />
	<group name="employingOfficeLocGroup" />
	<group name="ClassificationSet">
		<dynamic_style_xpath style_id="1" style_type="group">enter_xpath_here</dynamic_style_xpath>
		<dynamic_style_xpath_value style_id="1" style_type="group">enter_xpath_here</dynamic_style_xpath_value>
	</group>
	<group name="numberSection_2" />
	<group name="positionDeterminationSet" />
	<group name="evaluationSet" />
	<group name="group_info_5" />
	<group name="section2_group_21" />
	<group name="section2_group_22" />
	<group name="classificationJobCodeGroup" />
	<group name="classifiedPDQ_2" />
	<group name="section2_group_12" />
	<element name="actionType">
		<fm:action name="showTab1" xmlns:fm="http://www.hyfinity.com/formmaker">
			<xform_xpath>/mvc:eForm/mvc:Data/mvc:formData/mvc:actionType</xform_xpath>
			<xform_xpath>enter_xpath_here</xform_xpath>
		</fm:action>
		<transform_xpath>/mvc:eForm/mvc:Data/mvc:formData/mvc:actionType</transform_xpath>
		<repeat_xpath>/mvc:eForm/mvc:Data/lookup/record[LTYPE='ActionType']</repeat_xpath>
		<value_xpath>NAME</value_xpath>
		<text_xpath>LABEL</text_xpath>
		<description />
		<fm:action name="moreInformationRequestHistory" xmlns:fm="http://www.hyfinity.com/formmaker">
			<fm:xform_xpath>/mvc:eForm/mvc:Data/mvc:formData/mvc:actionType</fm:xform_xpath>
		</fm:action>
		<fm:action name="loadMoreInformationRequest" xmlns:fm="http://www.hyfinity.com/formmaker">
			<fm:xform_xpath>/mvc:eForm/mvc:Data/mvc:formData/mvc:actionType</fm:xform_xpath>
		</fm:action>
		<action name="loadMoreInformationRequestMessage">
			<xform_xpath>enter_xpath_here</xform_xpath>
		</action>
		<action name="empty">
			<xform_xpath>enter_xpath_here</xform_xpath>
		</action>
	</element>
	<element name="whoToContact">
		<fm:action name="showTab1" xmlns:fm="http://www.hyfinity.com/formmaker">
			<fm:xform_xpath>/mvc:eForm/mvc:Data/mvc:formData/mvc:whoToContact</fm:xform_xpath>
		</fm:action>
		<transform_xpath>/mvc:eForm/mvc:Data/mvc:formData/mvc:whoToContact</transform_xpath>
		<description />
		<fm:action name="moreInformationRequestHistory" xmlns:fm="http://www.hyfinity.com/formmaker">
			<fm:xform_xpath>/mvc:eForm/mvc:Data/mvc:formData/mvc:whoToContact</fm:xform_xpath>
		</fm:action>
		<fm:action name="loadMoreInformationRequest" xmlns:fm="http://www.hyfinity.com/formmaker">
			<fm:xform_xpath>/mvc:eForm/mvc:Data/mvc:formData/mvc:whoToContact</fm:xform_xpath>
		</fm:action>
		<action name="loadMoreInformationRequestMessage">
			<xform_xpath>enter_xpath_here</xform_xpath>
		</action>
		<action name="empty">
			<xform_xpath>enter_xpath_here</xform_xpath>
		</action>
	</element>
	<element name="managerID">
		<fm:transform_xpath xmlns:fm="http://www.hyfinity.com/formmaker">/mvc:eForm/mvc:Data/mvc:formData/mvc:managerID</fm:transform_xpath>
		<fm:action name="showTab1" xmlns:fm="http://www.hyfinity.com/formmaker">
			<fm:xform_xpath>/mvc:eForm/mvc:Data/mvc:formData/mvc:managerID</fm:xform_xpath>
		</fm:action>
		<fm:action name="moreInformationRequestHistory" xmlns:fm="http://www.hyfinity.com/formmaker">
			<fm:xform_xpath>/mvc:eForm/mvc:Data/mvc:formData/mvc:managerID</fm:xform_xpath>
		</fm:action>
		<fm:action name="loadMoreInformationRequest" xmlns:fm="http://www.hyfinity.com/formmaker">
			<fm:xform_xpath>/mvc:eForm/mvc:Data/mvc:formData/mvc:managerID</fm:xform_xpath>
		</fm:action>
		<action name="loadMoreInformationRequestMessage">
			<xform_xpath>enter_xpath_here</xform_xpath>
		</action>
		<action name="empty">
			<xform_xpath>enter_xpath_here</xform_xpath>
		</action>
	</element>
	<element name="numberOfVacancies">
		<repeat_xpath>/mvc:eForm/mvc:Data/lookup/record[LTYPE='ActionType']</repeat_xpath>
		<value_xpath>NAME</value_xpath>
		<text_xpath>LABEL</text_xpath>
		<description />
		<fm:transform_xpath xmlns:fm="http://www.hyfinity.com/formmaker">/mvc:eForm/mvc:Data/mvc:formData/mvc:numberOfVacancies</fm:transform_xpath>
		<fm:action name="showTab1" xmlns:fm="http://www.hyfinity.com/formmaker">
			<xform_xpath>/mvc:eForm/mvc:Data/mvc:formData/mvc:actionType</xform_xpath>
			<xform_xpath>enter_xpath_here</xform_xpath>
		</fm:action>
		<fm:action name="moreInformationRequestHistory" xmlns:fm="http://www.hyfinity.com/formmaker">
			<fm:xform_xpath>/mvc:eForm/mvc:Data/mvc:formData/mvc:numberOfVacancies</fm:xform_xpath>
		</fm:action>
		<fm:action name="loadMoreInformationRequest" xmlns:fm="http://www.hyfinity.com/formmaker">
			<fm:xform_xpath>/mvc:eForm/mvc:Data/mvc:formData/mvc:numberOfVacancies</fm:xform_xpath>
		</fm:action>
		<action name="loadMoreInformationRequestMessage">
			<xform_xpath>enter_xpath_here</xform_xpath>
		</action>
		<action name="empty">
			<xform_xpath>enter_xpath_here</xform_xpath>
		</action>
	</element>
	<element name="usingSamePDs">
		<description />
		<fm:transform_xpath xmlns:fm="http://www.hyfinity.com/formmaker">/mvc:eForm/mvc:Data/mvc:formData/mvc:usingSamePDs</fm:transform_xpath>
		<fm:action name="showTab1" xmlns:fm="http://www.hyfinity.com/formmaker">
			<fm:xform_xpath>/mvc:eForm/mvc:Data/mvc:formData/mvc:usingSamePDs</fm:xform_xpath>
		</fm:action>
		<fm:action name="moreInformationRequestHistory" xmlns:fm="http://www.hyfinity.com/formmaker">
			<fm:xform_xpath>/mvc:eForm/mvc:Data/mvc:formData/mvc:usingSamePDs</fm:xform_xpath>
		</fm:action>
		<fm:action name="loadMoreInformationRequest" xmlns:fm="http://www.hyfinity.com/formmaker">
			<fm:xform_xpath>/mvc:eForm/mvc:Data/mvc:formData/mvc:usingSamePDs</fm:xform_xpath>
		</fm:action>
		<action name="loadMoreInformationRequestMessage">
			<xform_xpath>enter_xpath_here</xform_xpath>
		</action>
		<action name="empty">
			<xform_xpath>enter_xpath_here</xform_xpath>
		</action>
	</element>
	<element name="classificationStat">
		<fm:action name="showTab1" xmlns:fm="http://www.hyfinity.com/formmaker">
			<xform_xpath>/mvc:eForm/mvc:Data/mvc:formData/mvc:actionType</xform_xpath>
			<xform_xpath>enter_xpath_here</xform_xpath>
		</fm:action>
		<fm:action name="moreInformationRequestHistory" xmlns:fm="http://www.hyfinity.com/formmaker">
			<fm:xform_xpath>/mvc:eForm/mvc:Data/mvc:formData/mvc:classificationStat</fm:xform_xpath>
		</fm:action>
		<fm:action name="loadMoreInformationRequest" xmlns:fm="http://www.hyfinity.com/formmaker">
			<fm:xform_xpath>/mvc:eForm/mvc:Data/mvc:formData/mvc:classificationStat</fm:xform_xpath>
		</fm:action>
		<action name="loadMoreInformationRequestMessage">
			<xform_xpath>enter_xpath_here</xform_xpath>
		</action>
		<action name="empty">
			<xform_xpath>enter_xpath_here</xform_xpath>
		</action>
		<transform_xpath>/mvc:eForm/mvc:Data/mvc:formData/mvc:classificationStat</transform_xpath>
		<repeat_xpath>/mvc:eForm/mvc:Data/lookup/record[LTYPE='ClassificationStatus']</repeat_xpath>
		<value_xpath>NAME</value_xpath>
		<text_xpath>LABEL</text_xpath>
		<description />
	</element>
	<element name="adminCode">
		<fm:action name="showTab1" xmlns:fm="http://www.hyfinity.com/formmaker">
			<xform_xpath>/mvc:eForm/mvc:Data/mvc:formData/mvc:adminCode</xform_xpath>
		</fm:action>
		<transform_xpath>/mvc:eForm/mvc:Data/mvc:formData/mvc:adminCode</transform_xpath>
		<description />
		<fm:action name="moreInformationRequestHistory" xmlns:fm="http://www.hyfinity.com/formmaker">
			<fm:xform_xpath>/mvc:eForm/mvc:Data/mvc:formData/mvc:adminCode</fm:xform_xpath>
		</fm:action>
		<fm:action name="loadMoreInformationRequest" xmlns:fm="http://www.hyfinity.com/formmaker">
			<fm:xform_xpath>/mvc:eForm/mvc:Data/mvc:formData/mvc:adminCode</fm:xform_xpath>
		</fm:action>
		<action name="loadMoreInformationRequestMessage">
			<xform_xpath>enter_xpath_here</xform_xpath>
		</action>
		<action name="empty">
			<xform_xpath>enter_xpath_here</xform_xpath>
		</action>
	</element>
	<element name="adminCodeDesc">
		<fm:action name="showTab1" xmlns:fm="http://www.hyfinity.com/formmaker">
			<xform_xpath>/mvc:eForm/mvc:Data/mvc:formData/mvc:adminCodeDesc</xform_xpath>
			<xform_xpath>enter_xpath_here</xform_xpath>
		</fm:action>
		<transform_xpath>enter_xpath_here</transform_xpath>
		<description>/mvc:eForm/mvc:Data/lookup/record[LTYPE='AdminCode']</description>
		<fm:action name="moreInformationRequestHistory" xmlns:fm="http://www.hyfinity.com/formmaker">
			<fm:xform_xpath>/mvc:eForm/mvc:Data/mvc:formData/mvc:adminCodeDesc</fm:xform_xpath>
		</fm:action>
		<fm:action name="loadMoreInformationRequest" xmlns:fm="http://www.hyfinity.com/formmaker">
			<fm:xform_xpath>/mvc:eForm/mvc:Data/mvc:formData/mvc:adminCodeDesc</fm:xform_xpath>
		</fm:action>
		<action name="loadMoreInformationRequestMessage">
			<xform_xpath>enter_xpath_here</xform_xpath>
		</action>
		<action name="empty">
			<xform_xpath>enter_xpath_here</xform_xpath>
		</action>
	</element>
	<element name="payPlan">
		<fm:action name="showTab1" xmlns:fm="http://www.hyfinity.com/formmaker">
			<xform_xpath>/mvc:eForm/mvc:Data/mvc:formData/mvc:payPlan</xform_xpath>
		</fm:action>
		<fm:action name="moreInformationRequestHistory" xmlns:fm="http://www.hyfinity.com/formmaker">
			<fm:xform_xpath>/mvc:eForm/mvc:Data/mvc:formData/mvc:payPlan</fm:xform_xpath>
		</fm:action>
		<fm:action name="loadMoreInformationRequest" xmlns:fm="http://www.hyfinity.com/formmaker">
			<fm:xform_xpath>/mvc:eForm/mvc:Data/mvc:formData/mvc:payPlan</fm:xform_xpath>
		</fm:action>
		<action name="loadMoreInformationRequestMessage">
			<xform_xpath>enter_xpath_here</xform_xpath>
		</action>
		<action name="empty">
			<xform_xpath>enter_xpath_here</xform_xpath>
		</action>
		<transform_xpath>/mvc:eForm/mvc:Data/mvc:formData/mvc:payPlan</transform_xpath>
		<repeat_xpath>/mvc:eForm/mvc:Data/lookup/record[LTYPE='PayPlan']</repeat_xpath>
		<value_xpath>NAME</value_xpath>
		<text_xpath>LABEL</text_xpath>
		<description />
	</element>
	<element binding_format="csv" name="occupationalSeries">
		<fm:action name="showTab1" xmlns:fm="http://www.hyfinity.com/formmaker">
			<fm:xform_xpath>/mvc:eForm/mvc:Data/mvc:formData/mvc:occupationalSeries</fm:xform_xpath>
		</fm:action>
		<transform_xpath>/mvc:eForm/mvc:Data/mvc:formData/mvc:occupationalSeries</transform_xpath>
		<repeat_xpath>/mvc:eForm/mvc:Data/lookup/record[LTYPE='OccupationalSeries']</repeat_xpath>
		<value_xpath>NAME</value_xpath>
		<text_xpath>LABEL</text_xpath>
		<description />
		<fm:action name="moreInformationRequestHistory" xmlns:fm="http://www.hyfinity.com/formmaker">
			<fm:xform_xpath>/mvc:eForm/mvc:Data/mvc:formData/mvc:occupationalSeries</fm:xform_xpath>
		</fm:action>
		<fm:action name="loadMoreInformationRequest" xmlns:fm="http://www.hyfinity.com/formmaker">
			<fm:xform_xpath>/mvc:eForm/mvc:Data/mvc:formData/mvc:occupationalSeries</fm:xform_xpath>
		</fm:action>
		<action name="loadMoreInformationRequestMessage">
			<xform_xpath>enter_xpath_here</xform_xpath>
		</action>
		<action name="empty">
			<xform_xpath>enter_xpath_here</xform_xpath>
		</action>
	</element>
	<element name="series">
		<fm:transform_xpath xmlns:fm="http://www.hyfinity.com/formmaker">/mvc:eForm/mvc:Data/mvc:formData/mvc:series</fm:transform_xpath>
		<fm:action name="showTab1" xmlns:fm="http://www.hyfinity.com/formmaker">
			<fm:xform_xpath>/mvc:eForm/mvc:Data/mvc:formData/mvc:series</fm:xform_xpath>
		</fm:action>
		<fm:action name="moreInformationRequestHistory" xmlns:fm="http://www.hyfinity.com/formmaker">
			<fm:xform_xpath>/mvc:eForm/mvc:Data/mvc:formData/mvc:series</fm:xform_xpath>
		</fm:action>
		<fm:action name="loadMoreInformationRequest" xmlns:fm="http://www.hyfinity.com/formmaker">
			<fm:xform_xpath>/mvc:eForm/mvc:Data/mvc:formData/mvc:series</fm:xform_xpath>
		</fm:action>
		<action name="loadMoreInformationRequestMessage">
			<xform_xpath>enter_xpath_here</xform_xpath>
		</action>
		<action name="empty">
			<xform_xpath>enter_xpath_here</xform_xpath>
		</action>
	</element>
	<element name="grade">
		<label_xpath>enter_xpath_here</label_xpath>
		<fm:action name="showTab1" xmlns:fm="http://www.hyfinity.com/formmaker">
			<xform_xpath>/mvc:eForm/mvc:Data/mvc:formData/mvc:grade</xform_xpath>
		</fm:action>
		<transform_xpath>/mvc:eForm/mvc:Data/mvc:formData/mvc:grade</transform_xpath>
		<repeat_xpath>/mvc:eForm/mvc:Data/lookup/record[LTYPE='Grade']</repeat_xpath>
		<value_xpath>NAME</value_xpath>
		<text_xpath>LABEL</text_xpath>
		<description />
		<fm:action name="moreInformationRequestHistory" xmlns:fm="http://www.hyfinity.com/formmaker">
			<fm:xform_xpath>/mvc:eForm/mvc:Data/mvc:formData/mvc:grade</fm:xform_xpath>
		</fm:action>
		<fm:action name="loadMoreInformationRequest" xmlns:fm="http://www.hyfinity.com/formmaker">
			<fm:xform_xpath>/mvc:eForm/mvc:Data/mvc:formData/mvc:grade</fm:xform_xpath>
		</fm:action>
		<action name="loadMoreInformationRequestMessage">
			<xform_xpath>enter_xpath_here</xform_xpath>
		</action>
		<action name="empty">
			<xform_xpath>enter_xpath_here</xform_xpath>
		</action>
	</element>
	<element name="selectGrades">
		<fm:transform_xpath xmlns:fm="http://www.hyfinity.com/formmaker">/mvc:eForm/mvc:Data/mvc:formData/mvc:selectGrades</fm:transform_xpath>
		<fm:action name="showTab1" xmlns:fm="http://www.hyfinity.com/formmaker">
			<fm:xform_xpath>/mvc:eForm/mvc:Data/mvc:formData/mvc:selectGrades</fm:xform_xpath>
		</fm:action>
		<fm:action name="moreInformationRequestHistory" xmlns:fm="http://www.hyfinity.com/formmaker">
			<fm:xform_xpath>/mvc:eForm/mvc:Data/mvc:formData/mvc:selectGrades</fm:xform_xpath>
		</fm:action>
		<fm:action name="loadMoreInformationRequest" xmlns:fm="http://www.hyfinity.com/formmaker">
			<fm:xform_xpath>/mvc:eForm/mvc:Data/mvc:formData/mvc:selectGrades</fm:xform_xpath>
		</fm:action>
		<action name="loadMoreInformationRequestMessage">
			<xform_xpath>enter_xpath_here</xform_xpath>
		</action>
		<action name="empty">
			<xform_xpath>enter_xpath_here</xform_xpath>
		</action>
	</element>
	<element name="positionTitle">
		<transform_xpath>enter_xpath_here</transform_xpath>
		<action name="showTab1">
			<xform_xpath>enter_xpath_here</xform_xpath>
		</action>
		<fm:action name="moreInformationRequestHistory" xmlns:fm="http://www.hyfinity.com/formmaker">
			<fm:xform_xpath>/mvc:eForm/mvc:Data/mvc:formData/mvc:positionTitle</fm:xform_xpath>
		</fm:action>
		<fm:action name="loadMoreInformationRequest" xmlns:fm="http://www.hyfinity.com/formmaker">
			<fm:xform_xpath>/mvc:eForm/mvc:Data/mvc:formData/mvc:positionTitle</fm:xform_xpath>
		</fm:action>
		<action name="loadMoreInformationRequestMessage">
			<xform_xpath>enter_xpath_here</xform_xpath>
		</action>
		<action name="empty">
			<xform_xpath>enter_xpath_here</xform_xpath>
		</action>
	</element>
	<element name="jobCode">
		<fm:action name="showTab1" xmlns:fm="http://www.hyfinity.com/formmaker">
			<fm:xform_xpath>/mvc:eForm/mvc:Data/mvc:formData/mvc:jobCode</fm:xform_xpath>
		</fm:action>
		<transform_xpath>/mvc:eForm/mvc:Data/mvc:formData/mvc:jobCode</transform_xpath>
		<description />
		<fm:action name="moreInformationRequestHistory" xmlns:fm="http://www.hyfinity.com/formmaker">
			<fm:xform_xpath>/mvc:eForm/mvc:Data/mvc:formData/mvc:jobCode</fm:xform_xpath>
		</fm:action>
		<fm:action name="loadMoreInformationRequest" xmlns:fm="http://www.hyfinity.com/formmaker">
			<fm:xform_xpath>/mvc:eForm/mvc:Data/mvc:formData/mvc:jobCode</fm:xform_xpath>
		</fm:action>
		<action name="loadMoreInformationRequestMessage">
			<xform_xpath>enter_xpath_here</xform_xpath>
		</action>
		<action name="empty">
			<xform_xpath>enter_xpath_here</xform_xpath>
		</action>
	</element>
	<element name="hidden_jobCode">
		<fm:transform_xpath xmlns:fm="http://www.hyfinity.com/formmaker">/mvc:eForm/mvc:Data/mvc:formData/mvc:hidden_jobCode</fm:transform_xpath>
		<fm:action name="showTab1" xmlns:fm="http://www.hyfinity.com/formmaker">
			<fm:xform_xpath>/mvc:eForm/mvc:Data/mvc:formData/mvc:hidden_jobCode</fm:xform_xpath>
		</fm:action>
		<fm:action name="moreInformationRequestHistory" xmlns:fm="http://www.hyfinity.com/formmaker">
			<fm:xform_xpath>/mvc:eForm/mvc:Data/mvc:formData/mvc:hidden_jobCode</fm:xform_xpath>
		</fm:action>
		<fm:action name="loadMoreInformationRequest" xmlns:fm="http://www.hyfinity.com/formmaker">
			<fm:xform_xpath>/mvc:eForm/mvc:Data/mvc:formData/mvc:hidden_jobCode</fm:xform_xpath>
		</fm:action>
		<action name="loadMoreInformationRequestMessage">
			<xform_xpath>enter_xpath_here</xform_xpath>
		</action>
		<action name="empty">
			<xform_xpath>enter_xpath_here</xform_xpath>
		</action>
	</element>
	<element name="jobCode_2">
		<fm:action name="showTab1" xmlns:fm="http://www.hyfinity.com/formmaker">
			<fm:xform_xpath>/mvc:eForm/mvc:Data/mvc:formData/mvc:jobCode_2</fm:xform_xpath>
		</fm:action>
		<fm:transform_xpath xmlns:fm="http://www.hyfinity.com/formmaker">/mvc:eForm/mvc:Data/mvc:formData/mvc:jobCode_2</fm:transform_xpath>
		<description />
		<fm:action name="moreInformationRequestHistory" xmlns:fm="http://www.hyfinity.com/formmaker">
			<fm:xform_xpath>/mvc:eForm/mvc:Data/mvc:formData/mvc:jobCode_2</fm:xform_xpath>
		</fm:action>
		<fm:action name="loadMoreInformationRequest" xmlns:fm="http://www.hyfinity.com/formmaker">
			<fm:xform_xpath>/mvc:eForm/mvc:Data/mvc:formData/mvc:jobCode_2</fm:xform_xpath>
		</fm:action>
		<action name="loadMoreInformationRequestMessage">
			<xform_xpath>enter_xpath_here</xform_xpath>
		</action>
		<action name="empty">
			<xform_xpath>enter_xpath_here</xform_xpath>
		</action>
	</element>
	<element name="organizationJobTitle">
		<repeat_xpath>/mvc:eForm/mvc:Data/lookup/record[LTYPE='ClassificationStatus']</repeat_xpath>
		<value_xpath>NAME</value_xpath>
		<text_xpath>LABEL</text_xpath>
		<description />
		<fm:transform_xpath xmlns:fm="http://www.hyfinity.com/formmaker">/mvc:eForm/mvc:Data/mvc:formData/mvc:organizationJobTitle</fm:transform_xpath>
		<fm:action name="showTab1" xmlns:fm="http://www.hyfinity.com/formmaker">
			<xform_xpath>/mvc:eForm/mvc:Data/mvc:formData/mvc:actionType</xform_xpath>
			<xform_xpath>enter_xpath_here</xform_xpath>
		</fm:action>
		<fm:action name="moreInformationRequestHistory" xmlns:fm="http://www.hyfinity.com/formmaker">
			<fm:xform_xpath>/mvc:eForm/mvc:Data/mvc:formData/mvc:organizationJobTitle</fm:xform_xpath>
		</fm:action>
		<fm:action name="loadMoreInformationRequest" xmlns:fm="http://www.hyfinity.com/formmaker">
			<fm:xform_xpath>/mvc:eForm/mvc:Data/mvc:formData/mvc:organizationJobTitle</fm:xform_xpath>
		</fm:action>
		<action name="loadMoreInformationRequestMessage">
			<xform_xpath>enter_xpath_here</xform_xpath>
		</action>
		<action name="empty">
			<xform_xpath>enter_xpath_here</xform_xpath>
		</action>
	</element>
	<element name="dutyStation">
		<fm:transform_xpath xmlns:fm="http://www.hyfinity.com/formmaker">/mvc:eForm/mvc:Data/mvc:formData/mvc:dutyStation</fm:transform_xpath>
		<fm:action name="showTab1" xmlns:fm="http://www.hyfinity.com/formmaker">
			<fm:xform_xpath>/mvc:eForm/mvc:Data/mvc:formData/mvc:dutyStation</fm:xform_xpath>
		</fm:action>
		<fm:action name="moreInformationRequestHistory" xmlns:fm="http://www.hyfinity.com/formmaker">
			<fm:xform_xpath>/mvc:eForm/mvc:Data/mvc:formData/mvc:dutyStation</fm:xform_xpath>
		</fm:action>
		<fm:action name="loadMoreInformationRequest" xmlns:fm="http://www.hyfinity.com/formmaker">
			<fm:xform_xpath>/mvc:eForm/mvc:Data/mvc:formData/mvc:dutyStation</fm:xform_xpath>
		</fm:action>
		<action name="loadMoreInformationRequestMessage">
			<xform_xpath>enter_xpath_here</xform_xpath>
		</action>
		<action name="empty">
			<xform_xpath>enter_xpath_here</xform_xpath>
		</action>
	</element>
	<element name="dutyLoc">
		<fm:transform_xpath xmlns:fm="http://www.hyfinity.com/formmaker">/mvc:eForm/mvc:Data/mvc:formData/mvc:dutyLoc</fm:transform_xpath>
		<fm:action name="showTab1" xmlns:fm="http://www.hyfinity.com/formmaker">
			<fm:xform_xpath>/mvc:eForm/mvc:Data/mvc:formData/mvc:dutyLoc</fm:xform_xpath>
		</fm:action>
		<fm:action name="moreInformationRequestHistory" xmlns:fm="http://www.hyfinity.com/formmaker">
			<fm:xform_xpath>/mvc:eForm/mvc:Data/mvc:formData/mvc:dutyLoc</fm:xform_xpath>
		</fm:action>
		<fm:action name="loadMoreInformationRequest" xmlns:fm="http://www.hyfinity.com/formmaker">
			<fm:xform_xpath>/mvc:eForm/mvc:Data/mvc:formData/mvc:dutyLoc</fm:xform_xpath>
		</fm:action>
		<action name="loadMoreInformationRequestMessage">
			<xform_xpath>enter_xpath_here</xform_xpath>
		</action>
		<action name="empty">
			<xform_xpath>enter_xpath_here</xform_xpath>
		</action>
	</element>
	<element name="empOfficeLoc">
		<fm:transform_xpath xmlns:fm="http://www.hyfinity.com/formmaker">/mvc:eForm/mvc:Data/mvc:formData/mvc:empOfficeLoc</fm:transform_xpath>
		<fm:action name="showTab1" xmlns:fm="http://www.hyfinity.com/formmaker">
			<fm:xform_xpath>/mvc:eForm/mvc:Data/mvc:formData/mvc:empOfficeLoc</fm:xform_xpath>
		</fm:action>
		<dynamic_style_xpath style_id="1" style_type="label">enter_xpath_here</dynamic_style_xpath>
		<dynamic_style_xpath_value style_id="1" style_type="label">enter_xpath_here</dynamic_style_xpath_value>
		<fm:action name="moreInformationRequestHistory" xmlns:fm="http://www.hyfinity.com/formmaker">
			<fm:xform_xpath>/mvc:eForm/mvc:Data/mvc:formData/mvc:empOfficeLoc</fm:xform_xpath>
		</fm:action>
		<fm:action name="loadMoreInformationRequest" xmlns:fm="http://www.hyfinity.com/formmaker">
			<fm:xform_xpath>/mvc:eForm/mvc:Data/mvc:formData/mvc:empOfficeLoc</fm:xform_xpath>
		</fm:action>
		<action name="loadMoreInformationRequestMessage">
			<xform_xpath>enter_xpath_here</xform_xpath>
		</action>
		<action name="empty">
			<xform_xpath>enter_xpath_here</xform_xpath>
		</action>
	</element>
	<element name="careerLadder">
		<fm:action name="showTab1" xmlns:fm="http://www.hyfinity.com/formmaker">
			<fm:xform_xpath>/mvc:eForm/mvc:Data/mvc:formData/mvc:careerLadder</fm:xform_xpath>
		</fm:action>
		<transform_xpath>/mvc:eForm/mvc:Data/mvc:formData/mvc:careerLadder</transform_xpath>
		<description />
		<fm:action name="moreInformationRequestHistory" xmlns:fm="http://www.hyfinity.com/formmaker">
			<fm:xform_xpath>/mvc:eForm/mvc:Data/mvc:formData/mvc:careerLadder</fm:xform_xpath>
		</fm:action>
		<fm:action name="loadMoreInformationRequest" xmlns:fm="http://www.hyfinity.com/formmaker">
			<fm:xform_xpath>/mvc:eForm/mvc:Data/mvc:formData/mvc:careerLadder</fm:xform_xpath>
		</fm:action>
		<action name="loadMoreInformationRequestMessage">
			<xform_xpath>enter_xpath_here</xform_xpath>
		</action>
		<action name="empty">
			<xform_xpath>enter_xpath_here</xform_xpath>
		</action>
	</element>
	<element name="interDisciplinary">
		<fm:transform_xpath xmlns:fm="http://www.hyfinity.com/formmaker">/mvc:eForm/mvc:Data/mvc:formData/mvc:interDisciplinary</fm:transform_xpath>
		<fm:action name="showTab1" xmlns:fm="http://www.hyfinity.com/formmaker">
			<fm:xform_xpath>/mvc:eForm/mvc:Data/mvc:formData/mvc:interDisciplinary</fm:xform_xpath>
		</fm:action>
		<fm:action name="moreInformationRequestHistory" xmlns:fm="http://www.hyfinity.com/formmaker">
			<fm:xform_xpath>/mvc:eForm/mvc:Data/mvc:formData/mvc:interDisciplinary</fm:xform_xpath>
		</fm:action>
		<fm:action name="loadMoreInformationRequest" xmlns:fm="http://www.hyfinity.com/formmaker">
			<fm:xform_xpath>/mvc:eForm/mvc:Data/mvc:formData/mvc:interDisciplinary</fm:xform_xpath>
		</fm:action>
		<action name="loadMoreInformationRequestMessage">
			<xform_xpath>enter_xpath_here</xform_xpath>
		</action>
		<action name="empty">
			<xform_xpath>enter_xpath_here</xform_xpath>
		</action>
	</element>
	<element name="positionNumber">
		<fm:transform_xpath xmlns:fm="http://www.hyfinity.com/formmaker">/mvc:eForm/mvc:Data/mvc:formData/mvc:positionNumber</fm:transform_xpath>
		<fm:action name="showTab1" xmlns:fm="http://www.hyfinity.com/formmaker">
			<fm:xform_xpath>/mvc:eForm/mvc:Data/mvc:formData/mvc:positionNumber</fm:xform_xpath>
		</fm:action>
		<fm:action name="moreInformationRequestHistory" xmlns:fm="http://www.hyfinity.com/formmaker">
			<fm:xform_xpath>/mvc:eForm/mvc:Data/mvc:formData/mvc:positionNumber</fm:xform_xpath>
		</fm:action>
		<fm:action name="loadMoreInformationRequest" xmlns:fm="http://www.hyfinity.com/formmaker">
			<fm:xform_xpath>/mvc:eForm/mvc:Data/mvc:formData/mvc:positionNumber</fm:xform_xpath>
		</fm:action>
		<action name="loadMoreInformationRequestMessage">
			<xform_xpath>enter_xpath_here</xform_xpath>
		</action>
		<action name="empty">
			<xform_xpath>enter_xpath_here</xform_xpath>
		</action>
	</element>
	<element name="viceName">
		<fm:action name="showTab1" xmlns:fm="http://www.hyfinity.com/formmaker">
			<fm:xform_xpath>/mvc:eForm/mvc:Data/mvc:formData/mvc:viceName</fm:xform_xpath>
		</fm:action>
		<transform_xpath>/mvc:eForm/mvc:Data/mvc:formData/mvc:viceName</transform_xpath>
		<description />
		<fm:action name="moreInformationRequestHistory" xmlns:fm="http://www.hyfinity.com/formmaker">
			<fm:xform_xpath>/mvc:eForm/mvc:Data/mvc:formData/mvc:viceName</fm:xform_xpath>
		</fm:action>
		<fm:action name="loadMoreInformationRequest" xmlns:fm="http://www.hyfinity.com/formmaker">
			<fm:xform_xpath>/mvc:eForm/mvc:Data/mvc:formData/mvc:viceName</fm:xform_xpath>
		</fm:action>
		<action name="loadMoreInformationRequestMessage">
			<xform_xpath>enter_xpath_here</xform_xpath>
		</action>
		<action name="empty">
			<xform_xpath>enter_xpath_here</xform_xpath>
		</action>
	</element>
	<element name="positionVacatedDate">
		<fm:action name="moreInformationRequestHistory" xmlns:fm="http://www.hyfinity.com/formmaker">
			<fm:xform_xpath>/mvc:eForm/mvc:Data/mvc:formData/mvc:postionVacatedDate</fm:xform_xpath>
		</fm:action>
		<fm:transform_xpath xmlns:fm="http://www.hyfinity.com/formmaker">/mvc:eForm/mvc:Data/mvc:formData/mvc:positionVacatedDate</fm:transform_xpath>
		<fm:action name="showTab1" xmlns:fm="http://www.hyfinity.com/formmaker">
			<fm:xform_xpath>/mvc:eForm/mvc:Data/mvc:formData/mvc:positionVacatedDate</fm:xform_xpath>
		</fm:action>
		<fm:action name="loadMoreInformationRequest" xmlns:fm="http://www.hyfinity.com/formmaker">
			<fm:xform_xpath>/mvc:eForm/mvc:Data/mvc:formData/mvc:positionVacatedDate</fm:xform_xpath>
		</fm:action>
		<fm:action name="loadMoreInformationRequestMessage" xmlns:fm="http://www.hyfinity.com/formmaker">
			<xform_xpath>enter_xpath_here</xform_xpath>
		</fm:action>
		<fm:action name="empty" xmlns:fm="http://www.hyfinity.com/formmaker">
			<xform_xpath>enter_xpath_here</xform_xpath>
		</fm:action>
	</element>
	<element name="positionNumber_2">
		<fm:action name="showTab1" xmlns:fm="http://www.hyfinity.com/formmaker">
			<fm:xform_xpath>/mvc:eForm/mvc:Data/mvc:formData/mvc:positionNumber_2</fm:xform_xpath>
		</fm:action>
		<fm:transform_xpath xmlns:fm="http://www.hyfinity.com/formmaker">/mvc:eForm/mvc:Data/mvc:formData/mvc:positionNumber_2</fm:transform_xpath>
		<fm:action name="moreInformationRequestHistory" xmlns:fm="http://www.hyfinity.com/formmaker">
			<fm:xform_xpath>/mvc:eForm/mvc:Data/mvc:formData/mvc:positionNumber_2</fm:xform_xpath>
		</fm:action>
		<fm:action name="loadMoreInformationRequest" xmlns:fm="http://www.hyfinity.com/formmaker">
			<fm:xform_xpath>/mvc:eForm/mvc:Data/mvc:formData/mvc:positionNumber_2</fm:xform_xpath>
		</fm:action>
		<action name="loadMoreInformationRequestMessage">
			<xform_xpath>enter_xpath_here</xform_xpath>
		</action>
		<action name="empty">
			<xform_xpath>enter_xpath_here</xform_xpath>
		</action>
	</element>
	<element name="viceName_2">
		<fm:action name="showTab1" xmlns:fm="http://www.hyfinity.com/formmaker">
			<fm:xform_xpath>/mvc:eForm/mvc:Data/mvc:formData/mvc:viceName_2</fm:xform_xpath>
		</fm:action>
		<fm:transform_xpath xmlns:fm="http://www.hyfinity.com/formmaker">/mvc:eForm/mvc:Data/mvc:formData/mvc:viceName_2</fm:transform_xpath>
		<description />
		<fm:action name="moreInformationRequestHistory" xmlns:fm="http://www.hyfinity.com/formmaker">
			<fm:xform_xpath>/mvc:eForm/mvc:Data/mvc:formData/mvc:viceName_2</fm:xform_xpath>
		</fm:action>
		<fm:action name="loadMoreInformationRequest" xmlns:fm="http://www.hyfinity.com/formmaker">
			<fm:xform_xpath>/mvc:eForm/mvc:Data/mvc:formData/mvc:viceName_2</fm:xform_xpath>
		</fm:action>
		<action name="loadMoreInformationRequestMessage">
			<xform_xpath>enter_xpath_here</xform_xpath>
		</action>
		<action name="empty">
			<xform_xpath>enter_xpath_here</xform_xpath>
		</action>
	</element>
	<element name="positionVacatedDate_2">
		<fm:action name="moreInformationRequestHistory" xmlns:fm="http://www.hyfinity.com/formmaker">
			<fm:xform_xpath>/mvc:eForm/mvc:Data/mvc:formData/mvc:postionVacatedDate_2</fm:xform_xpath>
		</fm:action>
		<fm:transform_xpath xmlns:fm="http://www.hyfinity.com/formmaker">/mvc:eForm/mvc:Data/mvc:formData/mvc:positionVacatedDate_2</fm:transform_xpath>
		<fm:action name="showTab1" xmlns:fm="http://www.hyfinity.com/formmaker">
			<fm:xform_xpath>/mvc:eForm/mvc:Data/mvc:formData/mvc:positionVacatedDate_2</fm:xform_xpath>
		</fm:action>
		<fm:action name="loadMoreInformationRequest" xmlns:fm="http://www.hyfinity.com/formmaker">
			<fm:xform_xpath>/mvc:eForm/mvc:Data/mvc:formData/mvc:positionVacatedDate_2</fm:xform_xpath>
		</fm:action>
		<fm:action name="loadMoreInformationRequestMessage" xmlns:fm="http://www.hyfinity.com/formmaker">
			<xform_xpath>enter_xpath_here</xform_xpath>
		</fm:action>
		<fm:action name="empty" xmlns:fm="http://www.hyfinity.com/formmaker">
			<xform_xpath>enter_xpath_here</xform_xpath>
		</fm:action>
	</element>
	<element name="positionNumber_3">
		<fm:action name="showTab1" xmlns:fm="http://www.hyfinity.com/formmaker">
			<fm:xform_xpath>/mvc:eForm/mvc:Data/mvc:formData/mvc:positionNumber_3</fm:xform_xpath>
		</fm:action>
		<fm:transform_xpath xmlns:fm="http://www.hyfinity.com/formmaker">/mvc:eForm/mvc:Data/mvc:formData/mvc:positionNumber_3</fm:transform_xpath>
		<fm:action name="moreInformationRequestHistory" xmlns:fm="http://www.hyfinity.com/formmaker">
			<fm:xform_xpath>/mvc:eForm/mvc:Data/mvc:formData/mvc:positionNumber_3</fm:xform_xpath>
		</fm:action>
		<fm:action name="loadMoreInformationRequest" xmlns:fm="http://www.hyfinity.com/formmaker">
			<fm:xform_xpath>/mvc:eForm/mvc:Data/mvc:formData/mvc:positionNumber_3</fm:xform_xpath>
		</fm:action>
		<action name="loadMoreInformationRequestMessage">
			<xform_xpath>enter_xpath_here</xform_xpath>
		</action>
		<action name="empty">
			<xform_xpath>enter_xpath_here</xform_xpath>
		</action>
	</element>
	<element name="viceName_3">
		<fm:action name="showTab1" xmlns:fm="http://www.hyfinity.com/formmaker">
			<fm:xform_xpath>/mvc:eForm/mvc:Data/mvc:formData/mvc:viceName_3</fm:xform_xpath>
		</fm:action>
		<fm:transform_xpath xmlns:fm="http://www.hyfinity.com/formmaker">/mvc:eForm/mvc:Data/mvc:formData/mvc:viceName_3</fm:transform_xpath>
		<description />
		<fm:action name="moreInformationRequestHistory" xmlns:fm="http://www.hyfinity.com/formmaker">
			<fm:xform_xpath>/mvc:eForm/mvc:Data/mvc:formData/mvc:viceName_3</fm:xform_xpath>
		</fm:action>
		<fm:action name="loadMoreInformationRequest" xmlns:fm="http://www.hyfinity.com/formmaker">
			<fm:xform_xpath>/mvc:eForm/mvc:Data/mvc:formData/mvc:viceName_3</fm:xform_xpath>
		</fm:action>
		<action name="loadMoreInformationRequestMessage">
			<xform_xpath>enter_xpath_here</xform_xpath>
		</action>
		<action name="empty">
			<xform_xpath>enter_xpath_here</xform_xpath>
		</action>
	</element>
	<element name="positionVacatedDate_3">
		<fm:action name="moreInformationRequestHistory" xmlns:fm="http://www.hyfinity.com/formmaker">
			<fm:xform_xpath>/mvc:eForm/mvc:Data/mvc:formData/mvc:postionVacatedDate_3</fm:xform_xpath>
		</fm:action>
		<fm:transform_xpath xmlns:fm="http://www.hyfinity.com/formmaker">/mvc:eForm/mvc:Data/mvc:formData/mvc:positionVacatedDate_3</fm:transform_xpath>
		<fm:action name="showTab1" xmlns:fm="http://www.hyfinity.com/formmaker">
			<fm:xform_xpath>/mvc:eForm/mvc:Data/mvc:formData/mvc:positionVacatedDate_3</fm:xform_xpath>
		</fm:action>
		<fm:action name="loadMoreInformationRequest" xmlns:fm="http://www.hyfinity.com/formmaker">
			<fm:xform_xpath>/mvc:eForm/mvc:Data/mvc:formData/mvc:positionVacatedDate_3</fm:xform_xpath>
		</fm:action>
		<fm:action name="loadMoreInformationRequestMessage" xmlns:fm="http://www.hyfinity.com/formmaker">
			<xform_xpath>enter_xpath_here</xform_xpath>
		</fm:action>
		<fm:action name="empty" xmlns:fm="http://www.hyfinity.com/formmaker">
			<xform_xpath>enter_xpath_here</xform_xpath>
		</fm:action>
	</element>
	<element name="positionNumber_4">
		<fm:action name="showTab1" xmlns:fm="http://www.hyfinity.com/formmaker">
			<fm:xform_xpath>/mvc:eForm/mvc:Data/mvc:formData/mvc:positionNumber_4</fm:xform_xpath>
		</fm:action>
		<fm:transform_xpath xmlns:fm="http://www.hyfinity.com/formmaker">/mvc:eForm/mvc:Data/mvc:formData/mvc:positionNumber_4</fm:transform_xpath>
		<fm:action name="moreInformationRequestHistory" xmlns:fm="http://www.hyfinity.com/formmaker">
			<fm:xform_xpath>/mvc:eForm/mvc:Data/mvc:formData/mvc:positionNumber_4</fm:xform_xpath>
		</fm:action>
		<fm:action name="loadMoreInformationRequest" xmlns:fm="http://www.hyfinity.com/formmaker">
			<fm:xform_xpath>/mvc:eForm/mvc:Data/mvc:formData/mvc:positionNumber_4</fm:xform_xpath>
		</fm:action>
		<action name="loadMoreInformationRequestMessage">
			<xform_xpath>enter_xpath_here</xform_xpath>
		</action>
		<action name="empty">
			<xform_xpath>enter_xpath_here</xform_xpath>
		</action>
	</element>
	<element name="viceName_4">
		<fm:action name="showTab1" xmlns:fm="http://www.hyfinity.com/formmaker">
			<fm:xform_xpath>/mvc:eForm/mvc:Data/mvc:formData/mvc:viceName_4</fm:xform_xpath>
		</fm:action>
		<fm:transform_xpath xmlns:fm="http://www.hyfinity.com/formmaker">/mvc:eForm/mvc:Data/mvc:formData/mvc:viceName_4</fm:transform_xpath>
		<description />
		<fm:action name="moreInformationRequestHistory" xmlns:fm="http://www.hyfinity.com/formmaker">
			<fm:xform_xpath>/mvc:eForm/mvc:Data/mvc:formData/mvc:viceName_4</fm:xform_xpath>
		</fm:action>
		<fm:action name="loadMoreInformationRequest" xmlns:fm="http://www.hyfinity.com/formmaker">
			<fm:xform_xpath>/mvc:eForm/mvc:Data/mvc:formData/mvc:viceName_4</fm:xform_xpath>
		</fm:action>
		<action name="loadMoreInformationRequestMessage">
			<xform_xpath>enter_xpath_here</xform_xpath>
		</action>
		<action name="empty">
			<xform_xpath>enter_xpath_here</xform_xpath>
		</action>
	</element>
	<element name="positionVacatedDate_4">
		<fm:action name="moreInformationRequestHistory" xmlns:fm="http://www.hyfinity.com/formmaker">
			<fm:xform_xpath>/mvc:eForm/mvc:Data/mvc:formData/mvc:postionVacatedDate_4</fm:xform_xpath>
		</fm:action>
		<fm:transform_xpath xmlns:fm="http://www.hyfinity.com/formmaker">/mvc:eForm/mvc:Data/mvc:formData/mvc:positionVacatedDate_4</fm:transform_xpath>
		<fm:action name="showTab1" xmlns:fm="http://www.hyfinity.com/formmaker">
			<fm:xform_xpath>/mvc:eForm/mvc:Data/mvc:formData/mvc:positionVacatedDate_4</fm:xform_xpath>
		</fm:action>
		<fm:action name="loadMoreInformationRequest" xmlns:fm="http://www.hyfinity.com/formmaker">
			<fm:xform_xpath>/mvc:eForm/mvc:Data/mvc:formData/mvc:positionVacatedDate_4</fm:xform_xpath>
		</fm:action>
		<fm:action name="loadMoreInformationRequestMessage" xmlns:fm="http://www.hyfinity.com/formmaker">
			<xform_xpath>enter_xpath_here</xform_xpath>
		</fm:action>
		<fm:action name="empty" xmlns:fm="http://www.hyfinity.com/formmaker">
			<xform_xpath>enter_xpath_here</xform_xpath>
		</fm:action>
	</element>
	<element name="positionNumber_5">
		<fm:action name="showTab1" xmlns:fm="http://www.hyfinity.com/formmaker">
			<fm:xform_xpath>/mvc:eForm/mvc:Data/mvc:formData/mvc:positionNumber_5</fm:xform_xpath>
		</fm:action>
		<fm:transform_xpath xmlns:fm="http://www.hyfinity.com/formmaker">/mvc:eForm/mvc:Data/mvc:formData/mvc:positionNumber_5</fm:transform_xpath>
		<fm:action name="moreInformationRequestHistory" xmlns:fm="http://www.hyfinity.com/formmaker">
			<fm:xform_xpath>/mvc:eForm/mvc:Data/mvc:formData/mvc:positionNumber_5</fm:xform_xpath>
		</fm:action>
		<fm:action name="loadMoreInformationRequest" xmlns:fm="http://www.hyfinity.com/formmaker">
			<fm:xform_xpath>/mvc:eForm/mvc:Data/mvc:formData/mvc:positionNumber_5</fm:xform_xpath>
		</fm:action>
		<action name="loadMoreInformationRequestMessage">
			<xform_xpath>enter_xpath_here</xform_xpath>
		</action>
		<action name="empty">
			<xform_xpath>enter_xpath_here</xform_xpath>
		</action>
	</element>
	<element name="viceName_5">
		<fm:action name="showTab1" xmlns:fm="http://www.hyfinity.com/formmaker">
			<fm:xform_xpath>/mvc:eForm/mvc:Data/mvc:formData/mvc:viceName_5</fm:xform_xpath>
		</fm:action>
		<fm:transform_xpath xmlns:fm="http://www.hyfinity.com/formmaker">/mvc:eForm/mvc:Data/mvc:formData/mvc:viceName_5</fm:transform_xpath>
		<description />
		<fm:action name="moreInformationRequestHistory" xmlns:fm="http://www.hyfinity.com/formmaker">
			<fm:xform_xpath>/mvc:eForm/mvc:Data/mvc:formData/mvc:viceName_5</fm:xform_xpath>
		</fm:action>
		<fm:action name="loadMoreInformationRequest" xmlns:fm="http://www.hyfinity.com/formmaker">
			<fm:xform_xpath>/mvc:eForm/mvc:Data/mvc:formData/mvc:viceName_5</fm:xform_xpath>
		</fm:action>
		<action name="loadMoreInformationRequestMessage">
			<xform_xpath>enter_xpath_here</xform_xpath>
		</action>
		<action name="empty">
			<xform_xpath>enter_xpath_here</xform_xpath>
		</action>
	</element>
	<element name="positionVacatedDate_5">
		<fm:action name="moreInformationRequestHistory" xmlns:fm="http://www.hyfinity.com/formmaker">
			<fm:xform_xpath>/mvc:eForm/mvc:Data/mvc:formData/mvc:postionVacatedDate_5</fm:xform_xpath>
		</fm:action>
		<fm:transform_xpath xmlns:fm="http://www.hyfinity.com/formmaker">/mvc:eForm/mvc:Data/mvc:formData/mvc:positionVacatedDate_5</fm:transform_xpath>
		<fm:action name="showTab1" xmlns:fm="http://www.hyfinity.com/formmaker">
			<fm:xform_xpath>/mvc:eForm/mvc:Data/mvc:formData/mvc:positionVacatedDate_5</fm:xform_xpath>
		</fm:action>
		<fm:action name="loadMoreInformationRequest" xmlns:fm="http://www.hyfinity.com/formmaker">
			<fm:xform_xpath>/mvc:eForm/mvc:Data/mvc:formData/mvc:positionVacatedDate_5</fm:xform_xpath>
		</fm:action>
		<fm:action name="loadMoreInformationRequestMessage" xmlns:fm="http://www.hyfinity.com/formmaker">
			<xform_xpath>enter_xpath_here</xform_xpath>
		</fm:action>
		<fm:action name="empty" xmlns:fm="http://www.hyfinity.com/formmaker">
			<xform_xpath>enter_xpath_here</xform_xpath>
		</fm:action>
	</element>
	<element name="reportTo">
		<fm:action name="showTab1" xmlns:fm="http://www.hyfinity.com/formmaker">
			<fm:xform_xpath>/mvc:eForm/mvc:Data/mvc:formData/mvc:reportTo</fm:xform_xpath>
		</fm:action>
		<fm:transform_xpath xmlns:fm="http://www.hyfinity.com/formmaker">/mvc:eForm/mvc:Data/mvc:formData/mvc:reportTo</fm:transform_xpath>
		<description />
		<fm:action name="moreInformationRequestHistory" xmlns:fm="http://www.hyfinity.com/formmaker">
			<fm:xform_xpath>/mvc:eForm/mvc:Data/mvc:formData/mvc:reportTo</fm:xform_xpath>
		</fm:action>
		<fm:action name="loadMoreInformationRequest" xmlns:fm="http://www.hyfinity.com/formmaker">
			<fm:xform_xpath>/mvc:eForm/mvc:Data/mvc:formData/mvc:reportTo</fm:xform_xpath>
		</fm:action>
		<action name="loadMoreInformationRequestMessage">
			<xform_xpath>enter_xpath_here</xform_xpath>
		</action>
		<action name="empty">
			<xform_xpath>enter_xpath_here</xform_xpath>
		</action>
	</element>
	<element name="busCodeDetermination">
		<fm:action name="showTab1" xmlns:fm="http://www.hyfinity.com/formmaker">
			<xform_xpath>/mvc:eForm/mvc:Data/mvc:formData/mvc:actionType</xform_xpath>
			<xform_xpath>enter_xpath_here</xform_xpath>
		</fm:action>
		<transform_xpath>/mvc:eForm/mvc:Data/mvc:formData/mvc:busCodeDetermination</transform_xpath>
		<description />
		<fm:action name="moreInformationRequestHistory" xmlns:fm="http://www.hyfinity.com/formmaker">
			<fm:xform_xpath>/mvc:eForm/mvc:Data/mvc:formData/mvc:busCodeDetermination</fm:xform_xpath>
		</fm:action>
		<fm:action name="loadMoreInformationRequest" xmlns:fm="http://www.hyfinity.com/formmaker">
			<fm:xform_xpath>/mvc:eForm/mvc:Data/mvc:formData/mvc:busCodeDetermination</fm:xform_xpath>
		</fm:action>
		<action name="loadMoreInformationRequestMessage">
			<xform_xpath>enter_xpath_here</xform_xpath>
		</action>
		<action name="empty">
			<xform_xpath>enter_xpath_here</xform_xpath>
		</action>
	</element>
	<element name="flsaCompleteDate">
		<fm:action name="showTab1" xmlns:fm="http://www.hyfinity.com/formmaker">
			<fm:xform_xpath>/mvc:eForm/mvc:Data/mvc:formData/mvc:flsaCompleteDate</fm:xform_xpath>
		</fm:action>
		<transform_xpath>/mvc:eForm/mvc:Data/mvc:formData/mvc:flsaCompleteDate</transform_xpath>
		<description />
		<fm:action name="moreInformationRequestHistory" xmlns:fm="http://www.hyfinity.com/formmaker">
			<fm:xform_xpath>/mvc:eForm/mvc:Data/mvc:formData/mvc:flsaCompleteDate</fm:xform_xpath>
		</fm:action>
		<fm:action name="loadMoreInformationRequest" xmlns:fm="http://www.hyfinity.com/formmaker">
			<fm:xform_xpath>/mvc:eForm/mvc:Data/mvc:formData/mvc:flsaCompleteDate</fm:xform_xpath>
		</fm:action>
		<action name="loadMoreInformationRequestMessage">
			<xform_xpath>enter_xpath_here</xform_xpath>
		</action>
		<action name="empty">
			<xform_xpath>enter_xpath_here</xform_xpath>
		</action>
	</element>
	<element name="posRiskComplete">
		<fm:action name="showTab1" xmlns:fm="http://www.hyfinity.com/formmaker">
			<xform_xpath>/mvc:eForm/mvc:Data/mvc:formData/mvc:actionType</xform_xpath>
			<xform_xpath>enter_xpath_here</xform_xpath>
		</fm:action>
		<fm:action name="moreInformationRequestHistory" xmlns:fm="http://www.hyfinity.com/formmaker">
			<fm:xform_xpath>/mvc:eForm/mvc:Data/mvc:formData/mvc:posRiskComplete</fm:xform_xpath>
		</fm:action>
		<fm:action name="loadMoreInformationRequest" xmlns:fm="http://www.hyfinity.com/formmaker">
			<fm:xform_xpath>/mvc:eForm/mvc:Data/mvc:formData/mvc:posRiskComplete</fm:xform_xpath>
		</fm:action>
		<transform_xpath>/mvc:eForm/mvc:Data/mvc:formData/mvc:posRiskComplete</transform_xpath>
		<description />
		<action name="loadMoreInformationRequestMessage">
			<xform_xpath>enter_xpath_here</xform_xpath>
		</action>
		<action name="empty">
			<xform_xpath>enter_xpath_here</xform_xpath>
		</action>
	</element>
	<element name="posDescCompleteDate">
		<fm:action name="showTab1" xmlns:fm="http://www.hyfinity.com/formmaker">
			<fm:xform_xpath>/mvc:eForm/mvc:Data/mvc:formData/mvc:posDescCompleteDate</fm:xform_xpath>
		</fm:action>
		<transform_xpath>/mvc:eForm/mvc:Data/mvc:formData/mvc:posDescCompleteDate</transform_xpath>
		<description />
		<fm:action name="moreInformationRequestHistory" xmlns:fm="http://www.hyfinity.com/formmaker">
			<fm:xform_xpath>/mvc:eForm/mvc:Data/mvc:formData/mvc:posDescCompleteDate</fm:xform_xpath>
		</fm:action>
		<fm:action name="loadMoreInformationRequest" xmlns:fm="http://www.hyfinity.com/formmaker">
			<fm:xform_xpath>/mvc:eForm/mvc:Data/mvc:formData/mvc:posDescCompleteDate</fm:xform_xpath>
		</fm:action>
		<action name="loadMoreInformationRequestMessage">
			<xform_xpath>enter_xpath_here</xform_xpath>
		</action>
		<action name="empty">
			<xform_xpath>enter_xpath_here</xform_xpath>
		</action>
	</element>
	<element binding_format="csv" name="evalStatement">
		<fm:action name="showTab1" xmlns:fm="http://www.hyfinity.com/formmaker">
			<fm:xform_xpath>/mvc:eForm/mvc:Data/mvc:formData/mvc:evalStatement</fm:xform_xpath>
		</fm:action>
		<fm:action name="moreInformationRequestHistory" xmlns:fm="http://www.hyfinity.com/formmaker">
			<fm:xform_xpath>/mvc:eForm/mvc:Data/mvc:formData/mvc:evalStatement</fm:xform_xpath>
		</fm:action>
		<fm:action name="loadMoreInformationRequest" xmlns:fm="http://www.hyfinity.com/formmaker">
			<fm:xform_xpath>/mvc:eForm/mvc:Data/mvc:formData/mvc:evalStatement</fm:xform_xpath>
		</fm:action>
		<transform_xpath>/mvc:eForm/mvc:Data/mvc:formData/mvc:evalStatement</transform_xpath>
		<description />
		<action name="loadMoreInformationRequestMessage">
			<xform_xpath>enter_xpath_here</xform_xpath>
		</action>
		<action name="empty">
			<xform_xpath>enter_xpath_here</xform_xpath>
		</action>
	</element>
	<element name="HRClassifier">
		<fm:action name="showTab1" xmlns:fm="http://www.hyfinity.com/formmaker">
			<fm:xform_xpath>/mvc:eForm/mvc:Data/mvc:formData/mvc:HRClassifier</fm:xform_xpath>
		</fm:action>
		<transform_xpath>/mvc:eForm/mvc:Data/mvc:formData/mvc:HRClassifier</transform_xpath>
		<description />
		<repeat_xpath>enter_xpath_here</repeat_xpath>
		<value_xpath>enter_xpath_here</value_xpath>
		<text_xpath>enter_xpath_here</text_xpath>
		<fm:action name="moreInformationRequestHistory" xmlns:fm="http://www.hyfinity.com/formmaker">
			<fm:xform_xpath>/mvc:eForm/mvc:Data/mvc:formData/mvc:HRClassifier</fm:xform_xpath>
		</fm:action>
		<fm:action name="loadMoreInformationRequest" xmlns:fm="http://www.hyfinity.com/formmaker">
			<fm:xform_xpath>/mvc:eForm/mvc:Data/mvc:formData/mvc:HRClassifier</fm:xform_xpath>
		</fm:action>
		<action name="loadMoreInformationRequestMessage">
			<xform_xpath>enter_xpath_here</xform_xpath>
		</action>
		<action name="empty">
			<xform_xpath>enter_xpath_here</xform_xpath>
		</action>
	</element>
	<element name="classifierID">
		<fm:transform_xpath xmlns:fm="http://www.hyfinity.com/formmaker">/mvc:eForm/mvc:Data/mvc:formData/mvc:classifierID</fm:transform_xpath>
		<fm:action name="showTab1" xmlns:fm="http://www.hyfinity.com/formmaker">
			<fm:xform_xpath>/mvc:eForm/mvc:Data/mvc:formData/mvc:classifierID</fm:xform_xpath>
		</fm:action>
		<fm:action name="moreInformationRequestHistory" xmlns:fm="http://www.hyfinity.com/formmaker">
			<fm:xform_xpath>/mvc:eForm/mvc:Data/mvc:formData/mvc:classifierID</fm:xform_xpath>
		</fm:action>
		<fm:action name="loadMoreInformationRequest" xmlns:fm="http://www.hyfinity.com/formmaker">
			<fm:xform_xpath>/mvc:eForm/mvc:Data/mvc:formData/mvc:classifierID</fm:xform_xpath>
		</fm:action>
		<action name="loadMoreInformationRequestMessage">
			<xform_xpath>enter_xpath_here</xform_xpath>
		</action>
		<action name="empty">
			<xform_xpath>enter_xpath_here</xform_xpath>
		</action>
	</element>
	<element name="classifiedPDRes">
		<fm:transform_xpath xmlns:fm="http://www.hyfinity.com/formmaker">/mvc:eForm/mvc:Data/mvc:formData/mvc:classifiedPDRes</fm:transform_xpath>
		<fm:action name="showTab1" xmlns:fm="http://www.hyfinity.com/formmaker">
			<fm:xform_xpath>/mvc:eForm/mvc:Data/mvc:formData/mvc:classifiedPDRes</fm:xform_xpath>
		</fm:action>
		<fm:action name="moreInformationRequestHistory" xmlns:fm="http://www.hyfinity.com/formmaker">
			<fm:xform_xpath>/mvc:eForm/mvc:Data/mvc:formData/mvc:classifiedPDRes</fm:xform_xpath>
		</fm:action>
		<fm:action name="loadMoreInformationRequest" xmlns:fm="http://www.hyfinity.com/formmaker">
			<fm:xform_xpath>/mvc:eForm/mvc:Data/mvc:formData/mvc:classifiedPDRes</fm:xform_xpath>
		</fm:action>
		<action name="loadMoreInformationRequestMessage">
			<xform_xpath>enter_xpath_here</xform_xpath>
		</action>
		<action name="empty">
			<xform_xpath>enter_xpath_here</xform_xpath>
		</action>
	</element>
	<element name="classificationComments">
		<fm:transform_xpath xmlns:fm="http://www.hyfinity.com/formmaker">/mvc:eForm/mvc:Data/mvc:formData/mvc:classificationComments</fm:transform_xpath>
		<fm:action name="showTab1" xmlns:fm="http://www.hyfinity.com/formmaker">
			<fm:xform_xpath>/mvc:eForm/mvc:Data/mvc:formData/mvc:classificationComments</fm:xform_xpath>
		</fm:action>
		<fm:action name="moreInformationRequestHistory" xmlns:fm="http://www.hyfinity.com/formmaker">
			<fm:xform_xpath>/mvc:eForm/mvc:Data/mvc:formData/mvc:classificationComments</fm:xform_xpath>
		</fm:action>
		<fm:action name="loadMoreInformationRequest" xmlns:fm="http://www.hyfinity.com/formmaker">
			<fm:xform_xpath>/mvc:eForm/mvc:Data/mvc:formData/mvc:classificationComments</fm:xform_xpath>
		</fm:action>
		<action name="loadMoreInformationRequestMessage">
			<xform_xpath>enter_xpath_here</xform_xpath>
		</action>
		<action name="empty">
			<xform_xpath>enter_xpath_here</xform_xpath>
		</action>
		<description />
	</element>
	<element name="comments">
		<fm:action name="showTab1" xmlns:fm="http://www.hyfinity.com/formmaker">
			<fm:xform_xpath>/mvc:eForm/mvc:Data/mvc:formData/mvc:comments</fm:xform_xpath>
		</fm:action>
		<transform_xpath>/mvc:eForm/mvc:Data/mvc:formData/mvc:comments</transform_xpath>
		<description />
		<fm:action name="moreInformationRequestHistory" xmlns:fm="http://www.hyfinity.com/formmaker">
			<fm:xform_xpath>/mvc:eForm/mvc:Data/mvc:formData/mvc:comments</fm:xform_xpath>
		</fm:action>
		<fm:action name="loadMoreInformationRequest" xmlns:fm="http://www.hyfinity.com/formmaker">
			<fm:xform_xpath>/mvc:eForm/mvc:Data/mvc:formData/mvc:comments</fm:xform_xpath>
		</fm:action>
		<action name="loadMoreInformationRequestMessage">
			<xform_xpath>enter_xpath_here</xform_xpath>
		</action>
		<action name="empty">
			<xform_xpath>enter_xpath_here</xform_xpath>
		</action>
	</element>
	<group name="moreInformationGroup" />
	<group name="layout_group" />
	<group name="layout_group_3" />
	<group name="layout_group_4" />
	<group name="layout_group_5" />
	<group name="layout_group_7" />
	<group name="layout_group_6" />
	<group name="layout_group_8" />
	<group name="layout_group_9" />
	<group name="layout_group_10" />
	<group name="layout_group_11" />
	<group name="layout_group_12" />
	<group name="layout_group_13" />
	<group name="layout_group_14" />
	<group name="layout_group_15" />
	<group name="layout_group_16" />
	<group name="layout_group_17" />
	<group name="layout_group_18" />
	<group name="layout_group_19" />
	<group name="layout_group_21" />
	<group name="layout_group_20" />
	<group name="layout_group_22" />
	<group name="layout_group_23" />
	<group name="layout_group_24" />
	<group name="layout_group_2" />
	<group name="layout_group_26" />
	<group name="layout_group_27" />
	<group name="organizationTitleGroup" />
	<element name="appointmentType">
		<fm:action name="showTab1" xmlns:fm="http://www.hyfinity.com/formmaker">
			<xform_xpath>/mvc:eForm/mvc:Data/mvc:formData/mvc:actionType</xform_xpath>
			<xform_xpath>enter_xpath_here</xform_xpath>
		</fm:action>
		<fm:action name="loadMoreInformationRequest" xmlns:fm="http://www.hyfinity.com/formmaker">
			<fm:xform_xpath>/mvc:eForm/mvc:Data/mvc:formData/mvc:appointmentType</fm:xform_xpath>
		</fm:action>
		<fm:action name="loadMoreInformationRequestMessage" xmlns:fm="http://www.hyfinity.com/formmaker">
			<xform_xpath>enter_xpath_here</xform_xpath>
		</fm:action>
		<fm:action name="empty" xmlns:fm="http://www.hyfinity.com/formmaker">
			<xform_xpath>enter_xpath_here</xform_xpath>
		</fm:action>
		<transform_xpath>/mvc:eForm/mvc:Data/mvc:formData/mvc:appointmentType</transform_xpath>
		<repeat_xpath>/mvc:eForm/mvc:Data/lookup/record[LTYPE='AppointmentType']</repeat_xpath>
		<value_xpath>NAME</value_xpath>
		<text_xpath>LABEL</text_xpath>
		<description />
	</element>
	<group name="consultationPDQ_2" />
	<element name="consultationComments">
		<fm:transform_xpath xmlns:fm="http://www.hyfinity.com/formmaker">/mvc:eForm/mvc:Data/mvc:formData/mvc:consultationComments</fm:transform_xpath>
		<fm:action name="showTab1" xmlns:fm="http://www.hyfinity.com/formmaker">
			<fm:xform_xpath>/mvc:eForm/mvc:Data/mvc:formData/mvc:consultationComments</fm:xform_xpath>
		</fm:action>
		<fm:action name="loadMoreInformationRequest" xmlns:fm="http://www.hyfinity.com/formmaker">
			<fm:xform_xpath>/mvc:eForm/mvc:Data/mvc:formData/mvc:consultationComments</fm:xform_xpath>
		</fm:action>
		<fm:action name="loadMoreInformationRequestMessage" xmlns:fm="http://www.hyfinity.com/formmaker">
			<xform_xpath>enter_xpath_here</xform_xpath>
		</fm:action>
		<fm:action name="empty" xmlns:fm="http://www.hyfinity.com/formmaker">
			<xform_xpath>enter_xpath_here</xform_xpath>
		</fm:action>
		<description />
	</element>
	<element name="hiringPlan">
		<fm:action name="showTab1" xmlns:fm="http://www.hyfinity.com/formmaker">
			<xform_xpath>/mvc:eForm/mvc:Data/mvc:formData/mvc:actionType</xform_xpath>
			<xform_xpath>enter_xpath_here</xform_xpath>
		</fm:action>
		<fm:action name="loadMoreInformationRequest" xmlns:fm="http://www.hyfinity.com/formmaker">
			<fm:xform_xpath>/mvc:eForm/mvc:Data/mvc:formData/mvc:hiringPlan</fm:xform_xpath>
		</fm:action>
		<fm:action name="loadMoreInformationRequestMessage" xmlns:fm="http://www.hyfinity.com/formmaker">
			<xform_xpath>enter_xpath_here</xform_xpath>
		</fm:action>
		<fm:action name="empty" xmlns:fm="http://www.hyfinity.com/formmaker">
			<xform_xpath>enter_xpath_here</xform_xpath>
		</fm:action>
		<transform_xpath>/mvc:eForm/mvc:Data/mvc:formData/mvc:hiringPlan</transform_xpath>
		<repeat_xpath>/mvc:eForm/mvc:Data/lookup/record[LTYPE='HiringPlan']</repeat_xpath>
		<value_xpath>NAME</value_xpath>
		<text_xpath>LABEL</text_xpath>
		<description />
	</element>
	<element name="additionalHiringPlan">
		<fm:action name="showTab1" xmlns:fm="http://www.hyfinity.com/formmaker">
			<xform_xpath>/mvc:eForm/mvc:Data/mvc:formData/mvc:actionType</xform_xpath>
			<xform_xpath>enter_xpath_here</xform_xpath>
		</fm:action>
		<fm:action name="loadMoreInformationRequest" xmlns:fm="http://www.hyfinity.com/formmaker">
			<fm:xform_xpath>/mvc:eForm/mvc:Data/mvc:formData/mvc:additionalHiringPlan</fm:xform_xpath>
		</fm:action>
		<fm:action name="loadMoreInformationRequestMessage" xmlns:fm="http://www.hyfinity.com/formmaker">
			<xform_xpath>enter_xpath_here</xform_xpath>
		</fm:action>
		<fm:action name="empty" xmlns:fm="http://www.hyfinity.com/formmaker">
			<xform_xpath>enter_xpath_here</xform_xpath>
		</fm:action>
		<transform_xpath>/mvc:eForm/mvc:Data/mvc:formData/mvc:additionalHiringPlan</transform_xpath>
		<repeat_xpath>/mvc:eForm/mvc:Data/lookup/record[LTYPE='AdditionalHiringPlan']</repeat_xpath>
		<value_xpath>NAME</value_xpath>
		<text_xpath>LABEL</text_xpath>
		<description />
	</element>
	<element name="selectingOfficial">
		<fm:transform_xpath xmlns:fm="http://www.hyfinity.com/formmaker">/mvc:eForm/mvc:Data/mvc:formData/mvc:selectingOfficial</fm:transform_xpath>
		<fm:action name="showTab1" xmlns:fm="http://www.hyfinity.com/formmaker">
			<xform_xpath>enter_xpath_here</xform_xpath>
		</fm:action>
		<fm:action name="loadMoreInformationRequest" xmlns:fm="http://www.hyfinity.com/formmaker">
			<fm:xform_xpath>/mvc:eForm/mvc:Data/mvc:formData/mvc:selectingOfficial</fm:xform_xpath>
		</fm:action>
		<fm:action name="loadMoreInformationRequestMessage" xmlns:fm="http://www.hyfinity.com/formmaker">
			<xform_xpath>enter_xpath_here</xform_xpath>
		</fm:action>
		<fm:action name="empty" xmlns:fm="http://www.hyfinity.com/formmaker">
			<xform_xpath>enter_xpath_here</xform_xpath>
		</fm:action>
	</element>
	<element name="pcn">
		<description />
		<fm:transform_xpath xmlns:fm="http://www.hyfinity.com/formmaker">/mvc:eForm/mvc:Data/mvc:formData/mvc:pcn</fm:transform_xpath>
		<fm:action name="showTab1" xmlns:fm="http://www.hyfinity.com/formmaker">
			<fm:xform_xpath>/mvc:eForm/mvc:Data/mvc:formData/mvc:pcn</fm:xform_xpath>
		</fm:action>
		<fm:action name="loadMoreInformationRequest" xmlns:fm="http://www.hyfinity.com/formmaker">
			<fm:xform_xpath>/mvc:eForm/mvc:Data/mvc:formData/mvc:pcn</fm:xform_xpath>
		</fm:action>
		<fm:action name="loadMoreInformationRequestMessage" xmlns:fm="http://www.hyfinity.com/formmaker">
			<xform_xpath>enter_xpath_here</xform_xpath>
		</fm:action>
		<fm:action name="empty" xmlns:fm="http://www.hyfinity.com/formmaker">
			<xform_xpath>enter_xpath_here</xform_xpath>
		</fm:action>
	</element>
	<element name="can">
		<description />
		<fm:transform_xpath xmlns:fm="http://www.hyfinity.com/formmaker">/mvc:eForm/mvc:Data/mvc:formData/mvc:can</fm:transform_xpath>
		<fm:action name="showTab1" xmlns:fm="http://www.hyfinity.com/formmaker">
			<fm:xform_xpath>/mvc:eForm/mvc:Data/mvc:formData/mvc:can</fm:xform_xpath>
		</fm:action>
		<fm:action name="loadMoreInformationRequest" xmlns:fm="http://www.hyfinity.com/formmaker">
			<fm:xform_xpath>/mvc:eForm/mvc:Data/mvc:formData/mvc:can</fm:xform_xpath>
		</fm:action>
		<fm:action name="loadMoreInformationRequestMessage" xmlns:fm="http://www.hyfinity.com/formmaker">
			<xform_xpath>enter_xpath_here</xform_xpath>
		</fm:action>
		<fm:action name="empty" xmlns:fm="http://www.hyfinity.com/formmaker">
			<xform_xpath>enter_xpath_here</xform_xpath>
		</fm:action>
	</element>
	<group name="consultationSet" />
	<group name="appointmentTypeGroup" />
	<group name="positionDeterminationSet_2" />
	<group name="layout_group_28" />
	<group name="additionalHPGroup" />
	<group name="layout_group_30" />
	<group name="layout_group_31" />
	<group name="layout_group_32" />
	<element name="h_selectedAppointmentTypes">
		<fm:transform_xpath xmlns:fm="http://www.hyfinity.com/formmaker">/mvc:eForm/mvc:Data/mvc:formData/mvc:h_selectedAppointmentTypes</fm:transform_xpath>
		<fm:action name="showTab1" xmlns:fm="http://www.hyfinity.com/formmaker">
			<fm:xform_xpath>/mvc:eForm/mvc:Data/mvc:formData/mvc:h_selectedAppointmentTypes</fm:xform_xpath>
		</fm:action>
		<fm:action name="loadMoreInformationRequest" xmlns:fm="http://www.hyfinity.com/formmaker">
			<fm:xform_xpath>/mvc:eForm/mvc:Data/mvc:formData/mvc:h_selectedAppointmentTypes</fm:xform_xpath>
		</fm:action>
		<fm:action name="loadMoreInformationRequestMessage" xmlns:fm="http://www.hyfinity.com/formmaker">
			<fm:xform_xpath>/mvc:eForm/mvc:Data/mvc:formData/mvc:h_selectedAppointmentTypes</fm:xform_xpath>
		</fm:action>
		<fm:action name="empty" xmlns:fm="http://www.hyfinity.com/formmaker">
			<fm:xform_xpath>/mvc:eForm/mvc:Data/mvc:formData/mvc:h_selectedAppointmentTypes</fm:xform_xpath>
		</fm:action>
	</element>
	<group name="tempPositionReasonGroup" />
	<element name="temporaryPositionReason">
		<fm:transform_xpath xmlns:fm="http://www.hyfinity.com/formmaker">/mvc:eForm/mvc:Data/mvc:formData/mvc:temporaryPositionReason</fm:transform_xpath>
		<fm:action name="showTab1" xmlns:fm="http://www.hyfinity.com/formmaker">
			<fm:xform_xpath>/mvc:eForm/mvc:Data/mvc:formData/mvc:temporaryPositionReason</fm:xform_xpath>
		</fm:action>
		<fm:action name="loadMoreInformationRequest" xmlns:fm="http://www.hyfinity.com/formmaker">
			<fm:xform_xpath>/mvc:eForm/mvc:Data/mvc:formData/mvc:temporaryPositionReason</fm:xform_xpath>
		</fm:action>
		<fm:action name="loadMoreInformationRequestMessage" xmlns:fm="http://www.hyfinity.com/formmaker">
			<xform_xpath>enter_xpath_here</xform_xpath>
		</fm:action>
		<fm:action name="empty" xmlns:fm="http://www.hyfinity.com/formmaker">
			<xform_xpath>enter_xpath_here</xform_xpath>
		</fm:action>
		<description />
	</element>
	<element name="h_selectedHiringPlan">
		<fm:transform_xpath xmlns:fm="http://www.hyfinity.com/formmaker">/mvc:eForm/mvc:Data/mvc:formData/mvc:h_selectedHiringPlan</fm:transform_xpath>
		<fm:action name="showTab1" xmlns:fm="http://www.hyfinity.com/formmaker">
			<fm:xform_xpath>/mvc:eForm/mvc:Data/mvc:formData/mvc:h_selectedHiringPlan</fm:xform_xpath>
		</fm:action>
		<fm:action name="loadMoreInformationRequest" xmlns:fm="http://www.hyfinity.com/formmaker">
			<fm:xform_xpath>/mvc:eForm/mvc:Data/mvc:formData/mvc:h_selectedHiringPlan</fm:xform_xpath>
		</fm:action>
		<fm:action name="loadMoreInformationRequestMessage" xmlns:fm="http://www.hyfinity.com/formmaker">
			<fm:xform_xpath>/mvc:eForm/mvc:Data/mvc:formData/mvc:h_selectedHiringPlan</fm:xform_xpath>
		</fm:action>
		<fm:action name="empty" xmlns:fm="http://www.hyfinity.com/formmaker">
			<fm:xform_xpath>/mvc:eForm/mvc:Data/mvc:formData/mvc:h_selectedHiringPlan</fm:xform_xpath>
		</fm:action>
	</element>
</xforms>
