<?xml version="1.0" encoding="UTF-8"?>
<eForm xmlns="http://www.hyfinity.com/mvc" xmlns:mvc="http://www.hyfinity.com/mvc">
	<Control>
		<action>forward</action>
		<Page />
		<Controller />
	</Control>
	<Data>
		<formData>
			<HRClassifier />
			<h_serverid />
			<h_processid />
			<h_activityid />
			<h_workitemseq />
			<h_classifierid />
			<h_classifiername />
			<h_sessioninfoxml />
			<h_formData />
			<h_admincode />
			<h_currenthrclassifier />
			<h_bizcoveid />
		</formData>
	</Data>
</eForm>
