<?xml version="1.0" encoding="UTF-8"?>
<eForm xmlns="http://www.hyfinity.com/mvc" xmlns:mvc="http://www.hyfinity.com/mvc">
	<Control>
		<action>showTab1</action>
		<Page />
		<Controller />
	</Control>
	<Data>
		<formData>
			<actionType />
			<whoToContact />
			<adminCode />
			<adminCodeDesc />
			<payPlan />
			<occupationalSeries />
			<jobCode />
			<positionNumber />
			<dutyStation />
			<viceName />
			<positionVacatedDate />
			<careerLadder />
			<interDisciplinary />
			<HRClassifier />
			<comments />
			<grade />
			<classifiedPDRes />
			<managerID />
			<classifierID />
			<series />
			<dutyLoc />
			<selectGrades />
			<usingSamePDs />
			<positionNumber_2 />
			<viceName_2 />
			<positionVacatedDate_2 />
			<positionNumber_3 />
			<viceName_3 />
			<positionVacatedDate_3 />
			<positionNumber_4 />
			<viceName_4 />
			<positionVacatedDate_4 />
			<empOfficeLoc />
			<reportTo />
			<flsaCompleteDate />
			<evalStatement />
			<positionNumber_5 />
			<viceName_5 />
			<positionVacatedDate_5 />
			<jobCode_2 />
			<classificationComments />
			<hidden_jobCode />
			<positionTitle />
			<moreInformationRequest>
				<REQUEST_ID />
				<MIRM_RCV_DT />
				<MIN_RCV_DT />
			</moreInformationRequest>
			<ID />
			<PARENT_ID />
			<MIRM_SENDER />
			<MIRM_RECIPIENT />
			<MIRM_EMAIL_BODY />
			<PROCID />
			<PROCESSED_DT />
			<REMAINING_SLA />
			<CC_ID />
			<consultationComments />
			<pcn />
			<can />
			<h_selectedAppointmentTypes />
			<temporaryPositionReason />
			<h_selectedHiringPlan />
			<posDescCompleteDate />
			<reqNumberForCopy />
		</formData>
	</Data>
</eForm>
