<?xml version="1.0" encoding="UTF-8"?>
<eForm xmlns="http://www.hyfinity.com/mvc" xmlns:mvc="http://www.hyfinity.com/mvc">
	<Control>
		<action>empty</action>
		<Page />
		<Controller />
	</Control>
	<Data>
		<formData>
			<sessioninfo />
			<procid />
			<actseq />
			<workseq />
			<appseq />
			<isarchive />
			<readOnly />
			<actionType />
			<whoToContact />
			<managerID />
			<numberOfVacancies />
			<usingSamePDs />
			<classificationStat />
			<adminCode />
			<adminCodeDesc />
			<payPlan />
			<occupationalSeries />
			<series />
			<grade />
			<selectGrades />
			<positionTitle />
			<jobCode />
			<hidden_jobCode />
			<jobCode_2 />
			<organizationJobTitle />
			<dutyStation />
			<dutyLoc />
			<empOfficeLoc />
			<careerLadder />
			<interDisciplinary />
			<positionNumber />
			<viceName />
			<positionVacatedDate />
			<positionNumber_2 />
			<viceName_2 />
			<positionVacatedDate_2 />
			<positionNumber_3 />
			<viceName_3 />
			<positionVacatedDate_3 />
			<positionNumber_4 />
			<viceName_4 />
			<positionVacatedDate_4 />
			<positionNumber_5 />
			<viceName_5 />
			<positionVacatedDate_5 />
			<reportTo />
			<busCodeDetermination />
			<flsaCompleteDate />
			<posRiskComplete />
			<evalStatement />
			<HRClassifier />
			<classifierID />
			<classifiedPDRes />
			<classificationComments />
			<comments />
			<moreInformationRequest>
				<RCV_DT />
				<REQUEST_ID />
				<MIN_RCV_DT />
			</moreInformationRequest>
			<MIRM_EMAIL_BODY />
			<h_selectedAppointmentTypes />
			<h_selectedHiringPlan />
			<reqNumberForCopy />
		</formData>
	</Data>
</eForm>
