<?xml version="1.0" encoding="UTF-8"?>
<index desc="hsguser/mvc/BizFlow/message_pool_pool" name="hsguser/mvc/BizFlow/message_pool_pool" xmlns="http://www.hyfinity.com/xstore">
	<entry desc="" docname="to_BizFlowEntry_page.xml" id="to_DummyStart_page" timestamp="" />
	<entry desc="" docname="to_RequestTab_page.xml" id="to_StratCon_General_page" timestamp="" />
	<entry desc="" docname="calling_General_action.xml" id="calling_General_action" timestamp="" />
	<entry desc="" docname="calling_showTab1_action.xml" id="calling_General_action_2" timestamp="" />
	<entry desc="" docname="to_MoreInformationRequestHistory_page.xml" id="to_MoreInformationRequestHistory_page" timestamp="" />
	<entry desc="" docname="calling_loadMoreInformationRequest_action.xml" id="calling_loadMoreInformationRequest_action" timestamp="" />
	<entry desc="" docname="calling_loadMoreInformationRequestMessage_action.xml" id="calling_loadMoreInformationRequestMessage_action" timestamp="" />
	<entry desc="" docname="to_MoreInformationRequestMessage_page.xml" id="to_MoreInformationRequestMessage_page" timestamp="" />
	<entry desc="" docname="calling_empty_action.xml" id="calling_empty_action" timestamp="" />
</index>
