<?xml version="1.0" encoding="UTF-8"?>
<eForm xmlns="http://www.hyfinity.com/mvc" xmlns:fm="http://www.hyfinity.com/formmaker" xmlns:mvc="http://www.hyfinity.com/mvc" xmlns:xfact="http://www.hyfinity.com/xfactory" xmlns:xg="http://www.hyfinity.com/xgate">
	<Control>
		<action />
		<Page />
		<Controller />
	</Control>
	<Data>
		<DSS_IHS_VAC_ANNOUNCEMENT xmlns="">
			<record>
				<REQUEST_NUMBER />
				<VIN />
				<REQUEST_CREATE_DATE />
				<REQUEST_STATUS />
				<ANNOUNCEMENT_NUMBER />
				<VACANCY_TYPE />
				<VACANCY_STATUS />
				<OPEN_DATE />
				<CLOSE_DATE />
				<ANNOUNCEMENT_TYPE />
				<LOCATION />
				<ANNOUNCEMENT_CTRL_NUMBER />
				<ANNOUNCEMENT_STATUS />
				<IS_RELEASED />
				<RELEASED_DATE />
				<LAST_UPDATE_DATE />
				<REVIEW_STATUS />
				<REVIEW_JOA_DATE />
				<REVIEW_JOA_SENT_DATE />
				<REVIEW_JOA_RETURN_DATE />
				<REQUEST_CANCEL_DATE />
				<REQUEST_CANCEL_REASON />
				<JOB_TITLE />
				<PAY_PLAN />
				<SERIES />
				<GRADE />
			</record>
			<record>
				<REQUEST_NUMBER />
				<VIN />
				<REQUEST_CREATE_DATE />
				<REQUEST_STATUS />
				<ANNOUNCEMENT_NUMBER />
				<VACANCY_TYPE />
				<VACANCY_STATUS />
				<OPEN_DATE />
				<CLOSE_DATE />
				<ANNOUNCEMENT_TYPE />
				<LOCATION />
				<ANNOUNCEMENT_CTRL_NUMBER />
				<ANNOUNCEMENT_STATUS />
				<IS_RELEASED />
				<RELEASED_DATE />
				<LAST_UPDATE_DATE />
				<REVIEW_STATUS />
				<REVIEW_JOA_DATE />
				<REVIEW_JOA_SENT_DATE />
				<REVIEW_JOA_RETURN_DATE />
				<REQUEST_CANCEL_DATE />
				<REQUEST_CANCEL_REASON />
				<JOB_TITLE />
				<PAY_PLAN />
				<SERIES />
				<GRADE />
			</record>
			<record>
				<REQUEST_NUMBER />
				<VIN />
				<REQUEST_CREATE_DATE />
				<REQUEST_STATUS />
				<ANNOUNCEMENT_NUMBER />
				<VACANCY_TYPE />
				<VACANCY_STATUS />
				<OPEN_DATE />
				<CLOSE_DATE />
				<ANNOUNCEMENT_TYPE />
				<LOCATION />
				<ANNOUNCEMENT_CTRL_NUMBER />
				<ANNOUNCEMENT_STATUS />
				<IS_RELEASED />
				<RELEASED_DATE />
				<LAST_UPDATE_DATE />
				<REVIEW_STATUS />
				<REVIEW_JOA_DATE />
				<REVIEW_JOA_SENT_DATE />
				<REVIEW_JOA_RETURN_DATE />
				<REQUEST_CANCEL_DATE />
				<REQUEST_CANCEL_REASON />
				<JOB_TITLE />
				<PAY_PLAN />
				<SERIES />
				<GRADE />
			</record>
		</DSS_IHS_VAC_ANNOUNCEMENT>
		<DSS_IHS_VAC_ANN_LOCATION xmlns="">
			<record>
				<REQUEST_NUMBER />
				<VIN />
				<ANNOUNCEMENT_NUMBER />
				<LOCATION />
			</record>
			<record>
				<REQUEST_NUMBER />
				<VIN />
				<ANNOUNCEMENT_NUMBER />
				<LOCATION />
			</record>
			<record>
				<REQUEST_NUMBER />
				<VIN />
				<ANNOUNCEMENT_NUMBER />
				<LOCATION />
			</record>
		</DSS_IHS_VAC_ANN_LOCATION>
		<DSS_IHS_VAC_ANN_REVIEW xmlns="">
			<record>
				<REQUEST_NUMBER />
				<VIN />
				<ANNOUNCEMENT_NUMBER />
				<REVIEW_STATUS />
				<REVIEW_JOA_DATE />
				<REVIEW_JOA_SENT_DATE />
				<REVIEW_JOA_RETURN_DATE />
				<IS_ANNOUNCEMENT_TEXT />
				<IS_CERTIFICATE_REVIEW />
			</record>
			<record>
				<REQUEST_NUMBER />
				<VIN />
				<ANNOUNCEMENT_NUMBER />
				<REVIEW_STATUS />
				<REVIEW_JOA_DATE />
				<REVIEW_JOA_SENT_DATE />
				<REVIEW_JOA_RETURN_DATE />
				<IS_ANNOUNCEMENT_TEXT />
				<IS_CERTIFICATE_REVIEW />
			</record>
			<record>
				<REQUEST_NUMBER />
				<VIN />
				<ANNOUNCEMENT_NUMBER />
				<REVIEW_STATUS />
				<REVIEW_JOA_DATE />
				<REVIEW_JOA_SENT_DATE />
				<REVIEW_JOA_RETURN_DATE />
				<IS_ANNOUNCEMENT_TEXT />
				<IS_CERTIFICATE_REVIEW />
			</record>
		</DSS_IHS_VAC_ANN_REVIEW>
		<DSS_IHS_VAC_CERTIFICATE xmlns="">
			<record>
				<REQUEST_NUMBER />
				<VIN />
				<REQUEST_STATUS />
				<CERTIFICATE_NUMBER />
				<CERTIFICATE_TYPE />
				<VACANCY_STATUS />
				<ANNOUNCEMENT_NUMBER />
				<IS_PUBLIC />
				<IS_STATUS />
				<DISPLAY_TYPE />
				<ISSUE_DATE />
				<REVIEW_STATUS />
				<REVIEW_DUE_DATE />
				<REVIEW_RETURN_DATE />
				<RETURN_STATUS />
				<AUDIT_CODE />
				<AUDIT_DATE />
				<LAST_UPDATE_DATE />
				<POSITION_TITLE />
				<DUTY_LOCATION />
				<PAYPLAN_SERIES_GRADE />
				<HIRING_PLAN />
				<APPLICANT_LIST_NAME />
				<CERTIFICATION_STATUS />
				<ELIGIBILITY_FILTER />
			</record>
			<record>
				<REQUEST_NUMBER />
				<VIN />
				<REQUEST_STATUS />
				<CERTIFICATE_NUMBER />
				<CERTIFICATE_TYPE />
				<VACANCY_STATUS />
				<ANNOUNCEMENT_NUMBER />
				<IS_PUBLIC />
				<IS_STATUS />
				<DISPLAY_TYPE />
				<ISSUE_DATE />
				<REVIEW_STATUS />
				<REVIEW_DUE_DATE />
				<REVIEW_RETURN_DATE />
				<RETURN_STATUS />
				<AUDIT_CODE />
				<AUDIT_DATE />
				<LAST_UPDATE_DATE />
				<POSITION_TITLE />
				<DUTY_LOCATION />
				<PAYPLAN_SERIES_GRADE />
				<HIRING_PLAN />
				<APPLICANT_LIST_NAME />
				<CERTIFICATION_STATUS />
				<ELIGIBILITY_FILTER />
			</record>
			<record>
				<REQUEST_NUMBER />
				<VIN />
				<REQUEST_STATUS />
				<CERTIFICATE_NUMBER />
				<CERTIFICATE_TYPE />
				<VACANCY_STATUS />
				<ANNOUNCEMENT_NUMBER />
				<IS_PUBLIC />
				<IS_STATUS />
				<DISPLAY_TYPE />
				<ISSUE_DATE />
				<REVIEW_STATUS />
				<REVIEW_DUE_DATE />
				<REVIEW_RETURN_DATE />
				<RETURN_STATUS />
				<AUDIT_CODE />
				<AUDIT_DATE />
				<LAST_UPDATE_DATE />
				<POSITION_TITLE />
				<DUTY_LOCATION />
				<PAYPLAN_SERIES_GRADE />
				<HIRING_PLAN />
				<APPLICANT_LIST_NAME />
				<CERTIFICATION_STATUS />
				<ELIGIBILITY_FILTER />
			</record>
		</DSS_IHS_VAC_CERTIFICATE>
		<DSS_IHS_VAC_NEW_HIRE xmlns="">
			<record>
				<REQUEST_NUMBER />
				<VIN />
				<NEW_HIRE_NUMBER />
				<NEW_HIRE_STATUS />
				<VACANCY_STATUS />
				<NEW_HIRE_NAME />
				<POSITION_TITLE />
				<DUTY_LOCATION />
				<PAYPLAN_SERIES_GRADE />
				<SEND_TENT_OFFR_CMPL_DATE />
				<SEND_OFCL_OFFR_CMPL_DATE />
				<EFFECTIVE_DATE />
				<LAST_UPDATE_DATE />
				<VET_PREF_STATUS />
				<PROJ_START_DATE />
				<ARRVL_VERIF_CMPL_DATE />
			</record>
			<record>
				<REQUEST_NUMBER />
				<VIN />
				<NEW_HIRE_NUMBER />
				<NEW_HIRE_STATUS />
				<VACANCY_STATUS />
				<NEW_HIRE_NAME />
				<POSITION_TITLE />
				<DUTY_LOCATION />
				<PAYPLAN_SERIES_GRADE />
				<SEND_TENT_OFFR_CMPL_DATE />
				<SEND_OFCL_OFFR_CMPL_DATE />
				<EFFECTIVE_DATE />
				<LAST_UPDATE_DATE />
				<VET_PREF_STATUS />
				<PROJ_START_DATE />
				<ARRVL_VERIF_CMPL_DATE />
			</record>
			<record>
				<REQUEST_NUMBER />
				<VIN />
				<NEW_HIRE_NUMBER />
				<NEW_HIRE_STATUS />
				<VACANCY_STATUS />
				<NEW_HIRE_NAME />
				<POSITION_TITLE />
				<DUTY_LOCATION />
				<PAYPLAN_SERIES_GRADE />
				<SEND_TENT_OFFR_CMPL_DATE />
				<SEND_OFCL_OFFR_CMPL_DATE />
				<EFFECTIVE_DATE />
				<LAST_UPDATE_DATE />
				<VET_PREF_STATUS />
				<PROJ_START_DATE />
				<ARRVL_VERIF_CMPL_DATE />
			</record>
		</DSS_IHS_VAC_NEW_HIRE>
		<PS_HRS_JOB_OPENING xmlns="">
			<record>
				<HRS_JOB_OPENING_ID />
				<HRS_RCRT_TMPL_ID />
				<HRS_JO_TYPE />
				<REFERRAL_PGM_ID />
				<ORIGINATOR_ID />
				<MANAGER_ID />
				<RECRUITER_ID />
				<GVT_SEL_OFFICIAL />
				<OPEN_DT />
				<CLOSE_DT />
				<STATUS_CODE />
				<STATUS_REASON />
				<STATUS_DT />
				<HRS_OPENING_LIMIT />
				<OPENINGS_CNT />
				<OPENINGS_TARGET />
				<HOT_JOB />
				<BUSINESS_UNIT />
				<SETID_DEPT />
				<DEPTID />
				<COMPANY />
				<HRS_PRM_JOBCODE />
				<HRS_PRM_POSITION />
				<HRS_PRM_LOCATION />
				<HRS_PRM_LOC_AREA />
				<HRS_PRM_PST_TITLE />
				<DESIRED_START_DT />
				<WC_COUNCIL_ID />
				<ENCUMB_DT_INDC />
				<PROJECTED_FILL_DT />
				<AUTHORIZATION_DT />
				<ESTABID />
				<COUNTRY />
				<CITIZENSHIP_STATUS />
				<MIN_AGE />
				<MAX_AGE />
				<SEX />
				<HRS_CONTACT_ID />
				<GVT_STAFF_SPCLST />
				<GVT_CONSIDER_AREA />
				<GVT_DRAFT_STATUS />
				<HRS_G_JO_TYPE />
				<JOB_FAMILY />
				<HRS_ROW_ADD_DTTM />
				<HRS_ROW_ADD_OPRID />
				<HRS_ROW_UPD_DTTM />
				<HRS_ROW_UPD_OPRID />
				<GVT_RECR_OFFICE />
				<HE_APPROVALO_OPRID />
				<HE_COMMENTS />
			</record>
			<record>
				<HRS_JOB_OPENING_ID />
				<HRS_RCRT_TMPL_ID />
				<HRS_JO_TYPE />
				<REFERRAL_PGM_ID />
				<ORIGINATOR_ID />
				<MANAGER_ID />
				<RECRUITER_ID />
				<GVT_SEL_OFFICIAL />
				<OPEN_DT />
				<CLOSE_DT />
				<STATUS_CODE />
				<STATUS_REASON />
				<STATUS_DT />
				<HRS_OPENING_LIMIT />
				<OPENINGS_CNT />
				<OPENINGS_TARGET />
				<HOT_JOB />
				<BUSINESS_UNIT />
				<SETID_DEPT />
				<DEPTID />
				<COMPANY />
				<HRS_PRM_JOBCODE />
				<HRS_PRM_POSITION />
				<HRS_PRM_LOCATION />
				<HRS_PRM_LOC_AREA />
				<HRS_PRM_PST_TITLE />
				<DESIRED_START_DT />
				<WC_COUNCIL_ID />
				<ENCUMB_DT_INDC />
				<PROJECTED_FILL_DT />
				<AUTHORIZATION_DT />
				<ESTABID />
				<COUNTRY />
				<CITIZENSHIP_STATUS />
				<MIN_AGE />
				<MAX_AGE />
				<SEX />
				<HRS_CONTACT_ID />
				<GVT_STAFF_SPCLST />
				<GVT_CONSIDER_AREA />
				<GVT_DRAFT_STATUS />
				<HRS_G_JO_TYPE />
				<JOB_FAMILY />
				<HRS_ROW_ADD_DTTM />
				<HRS_ROW_ADD_OPRID />
				<HRS_ROW_UPD_DTTM />
				<HRS_ROW_UPD_OPRID />
				<GVT_RECR_OFFICE />
				<HE_APPROVALO_OPRID />
				<HE_COMMENTS />
			</record>
			<record>
				<HRS_JOB_OPENING_ID />
				<HRS_RCRT_TMPL_ID />
				<HRS_JO_TYPE />
				<REFERRAL_PGM_ID />
				<ORIGINATOR_ID />
				<MANAGER_ID />
				<RECRUITER_ID />
				<GVT_SEL_OFFICIAL />
				<OPEN_DT />
				<CLOSE_DT />
				<STATUS_CODE />
				<STATUS_REASON />
				<STATUS_DT />
				<HRS_OPENING_LIMIT />
				<OPENINGS_CNT />
				<OPENINGS_TARGET />
				<HOT_JOB />
				<BUSINESS_UNIT />
				<SETID_DEPT />
				<DEPTID />
				<COMPANY />
				<HRS_PRM_JOBCODE />
				<HRS_PRM_POSITION />
				<HRS_PRM_LOCATION />
				<HRS_PRM_LOC_AREA />
				<HRS_PRM_PST_TITLE />
				<DESIRED_START_DT />
				<WC_COUNCIL_ID />
				<ENCUMB_DT_INDC />
				<PROJECTED_FILL_DT />
				<AUTHORIZATION_DT />
				<ESTABID />
				<COUNTRY />
				<CITIZENSHIP_STATUS />
				<MIN_AGE />
				<MAX_AGE />
				<SEX />
				<HRS_CONTACT_ID />
				<GVT_STAFF_SPCLST />
				<GVT_CONSIDER_AREA />
				<GVT_DRAFT_STATUS />
				<HRS_G_JO_TYPE />
				<JOB_FAMILY />
				<HRS_ROW_ADD_DTTM />
				<HRS_ROW_ADD_OPRID />
				<HRS_ROW_UPD_DTTM />
				<HRS_ROW_UPD_OPRID />
				<GVT_RECR_OFFICE />
				<HE_APPROVALO_OPRID />
				<HE_COMMENTS />
			</record>
		</PS_HRS_JOB_OPENING>
		<PS_HE_RECRUIT_EWIT xmlns="">
			<record>
				<HRS_JOB_OPENING_ID />
				<HE_COMP_ALLOWANCE />
				<HE_DENTIST_PAY />
				<HE_NON_STANDARD_PA />
				<HE_POSITION_DESCR />
				<HE_RECRUIT_INCENT />
				<HE_RELOCATIONBONUS />
				<ACCT_CD />
			</record>
			<record>
				<HRS_JOB_OPENING_ID />
				<HE_COMP_ALLOWANCE />
				<HE_DENTIST_PAY />
				<HE_NON_STANDARD_PA />
				<HE_POSITION_DESCR />
				<HE_RECRUIT_INCENT />
				<HE_RELOCATIONBONUS />
				<ACCT_CD />
			</record>
			<record>
				<HRS_JOB_OPENING_ID />
				<HE_COMP_ALLOWANCE />
				<HE_DENTIST_PAY />
				<HE_NON_STANDARD_PA />
				<HE_POSITION_DESCR />
				<HE_RECRUIT_INCENT />
				<HE_RELOCATIONBONUS />
				<ACCT_CD />
			</record>
		</PS_HE_RECRUIT_EWIT>
		<PS_HRS_LOCATION_I xmlns="">
			<record>
				<SETID />
				<LOCATION />
				<EFFDT />
				<COUNTRY />
				<STATE />
				<DESCR />
				<DESCRSHORT />
			</record>
			<record>
				<SETID />
				<LOCATION />
				<EFFDT />
				<COUNTRY />
				<STATE />
				<DESCR />
				<DESCRSHORT />
			</record>
			<record>
				<SETID />
				<LOCATION />
				<EFFDT />
				<COUNTRY />
				<STATE />
				<DESCR />
				<DESCRSHORT />
			</record>
		</PS_HRS_LOCATION_I>
		<PS_HRS_JO_POSN xmlns="">
			<record>
				<HRS_JOB_OPENING_ID />
				<POSITION_NBR />
				<HRS_JO_PRM_PSN_FLG />
				<HRS_ROW_ADD_DTTM />
				<HRS_ROW_ADD_OPRID />
				<HRS_ROW_UPD_DTTM />
				<HRS_ROW_UPD_OPRID />
			</record>
			<record>
				<HRS_JOB_OPENING_ID />
				<POSITION_NBR />
				<HRS_JO_PRM_PSN_FLG />
				<HRS_ROW_ADD_DTTM />
				<HRS_ROW_ADD_OPRID />
				<HRS_ROW_UPD_DTTM />
				<HRS_ROW_UPD_OPRID />
			</record>
			<record>
				<HRS_JOB_OPENING_ID />
				<POSITION_NBR />
				<HRS_JO_PRM_PSN_FLG />
				<HRS_ROW_ADD_DTTM />
				<HRS_ROW_ADD_OPRID />
				<HRS_ROW_UPD_DTTM />
				<HRS_ROW_UPD_OPRID />
			</record>
		</PS_HRS_JO_POSN>
		<PS_POSITION_DATA xmlns="">
			<record>
				<POSITION_NBR />
				<EFFDT />
				<EFF_STATUS />
				<DESCR />
				<DESCRSHORT />
				<ACTION />
				<ACTION_REASON />
				<ACTION_DT />
				<BUSINESS_UNIT />
				<DEPTID />
				<JOBCODE />
				<POSN_STATUS />
				<STATUS_DT />
				<BUDGETED_POSN />
				<CONFIDENTIAL_POSN />
				<KEY_POSITION />
				<JOB_SHARE />
				<MAX_HEAD_COUNT />
				<UPDATE_INCUMBENTS />
				<REPORTS_TO />
				<REPORT_DOTTED_LINE />
				<ORGCODE />
				<ORGCODE_FLAG />
				<LOCATION />
				<MAIL_DROP />
				<COUNTRY_CODE />
				<PHONE />
				<COMPANY />
				<STD_HOURS />
				<STD_HRS_FREQUENCY />
				<UNION_CD />
				<SHIFT />
				<REG_TEMP />
				<FULL_PART_TIME />
				<MON_HRS />
				<TUES_HRS />
				<WED_HRS />
				<THURS_HRS />
				<FRI_HRS />
				<SAT_HRS />
				<SUN_HRS />
				<BARG_UNIT />
				<GVT_PAY_PLAN />
				<SEASONAL />
				<TRN_PROGRAM />
				<LANGUAGE_SKILL />
				<MANAGER_LEVEL />
				<FLSA_STATUS />
				<GVT_WIP_STATUS />
				<GVT_STATUS_TYPE />
				<GVT_WORK_SCHED />
				<GVT_SUB_AGENCY />
				<GVT_DT_POSN_ESTAB />
				<GVT_COMP_AREA />
				<GVT_COMP_LEVEL />
				<GVT_ORG_TTL_CD />
				<GVT_ORG_TTL_DESCR />
				<GVT_DRUG_TEST_REQ />
				<GVT_FUND_SOURCE />
				<GVT_INTEL_POSN />
				<GVT_LEO_POSITION />
				<GVT_MOB_POSN_IND />
				<GVT_PROC_INTEG_PSN />
				<GVT_PRESIDENT_APPT />
				<GVT_NTE_DATE />
				<GVT_OCC_SERIES />
				<GVT_PAR_NBR />
				<GVT_PAREN_TITLE />
				<GVT_PERF_PLAN />
				<GVT_POI />
				<GVT_POSN_LOC />
				<GVT_POSN_OCCUPIED />
				<GVT_POSN_SENS_CD />
				<SECURITY_CLEARANCE />
				<GVT_STAFF_LINE />
				<GVT_LAST_AUDIT_DT />
				<GVT_AUDITED_BY_ID />
				<GVT_OBLIGATED_TO />
				<GVT_OBLIG_EXPIR_DT />
				<GVT_TARGET_GRADE />
				<GVT_PI_UPD_IND />
				<GVT_EXEC_FIN_DISCL />
				<GVT_EMP_FIN_INT />
				<REG_REGION />
				<CLASS_INDC />
				<ENCUMBER_INDC />
				<FTE />
				<POSITION_POOL_ID />
				<EG_ACADEMIC_RANK />
				<EG_GROUP />
				<ENCUMB_SAL_OPTN />
				<ENCUMB_SAL_AMT />
				<HEALTH_CERTIFICATE />
				<SIGN_AUTHORITY />
				<ADDS_TO_FTE_ACTUAL />
				<SAL_ADMIN_PLAN />
				<GRADE />
				<GRADE_FROM />
				<STEP_FROM />
				<GRADE_TO />
				<STEP_TO />
				<STEP />
				<JOB_PROFILE_ID />
				<PKG_TEMPLATE_ID />
				<PKG_RULE_ID />
				<SUPV_LVL_ID />
				<INCLUDE_SALPLN_FLG />
				<POSN_DATA_MESSAGE />
				<HE_MED_OFF_IND />
				<HE_SE_TYPE />
				<HE_TERM_ID />
				<HE_POS_SUBJECT_TO />
				<HE_ACTIVITY_FUNC />
				<HE_REASON_CODE />
				<FUNCTION_CD />
				<DESCRLONG />
			</record>
			<record>
				<POSITION_NBR />
				<EFFDT />
				<EFF_STATUS />
				<DESCR />
				<DESCRSHORT />
				<ACTION />
				<ACTION_REASON />
				<ACTION_DT />
				<BUSINESS_UNIT />
				<DEPTID />
				<JOBCODE />
				<POSN_STATUS />
				<STATUS_DT />
				<BUDGETED_POSN />
				<CONFIDENTIAL_POSN />
				<KEY_POSITION />
				<JOB_SHARE />
				<MAX_HEAD_COUNT />
				<UPDATE_INCUMBENTS />
				<REPORTS_TO />
				<REPORT_DOTTED_LINE />
				<ORGCODE />
				<ORGCODE_FLAG />
				<LOCATION />
				<MAIL_DROP />
				<COUNTRY_CODE />
				<PHONE />
				<COMPANY />
				<STD_HOURS />
				<STD_HRS_FREQUENCY />
				<UNION_CD />
				<SHIFT />
				<REG_TEMP />
				<FULL_PART_TIME />
				<MON_HRS />
				<TUES_HRS />
				<WED_HRS />
				<THURS_HRS />
				<FRI_HRS />
				<SAT_HRS />
				<SUN_HRS />
				<BARG_UNIT />
				<GVT_PAY_PLAN />
				<SEASONAL />
				<TRN_PROGRAM />
				<LANGUAGE_SKILL />
				<MANAGER_LEVEL />
				<FLSA_STATUS />
				<GVT_WIP_STATUS />
				<GVT_STATUS_TYPE />
				<GVT_WORK_SCHED />
				<GVT_SUB_AGENCY />
				<GVT_DT_POSN_ESTAB />
				<GVT_COMP_AREA />
				<GVT_COMP_LEVEL />
				<GVT_ORG_TTL_CD />
				<GVT_ORG_TTL_DESCR />
				<GVT_DRUG_TEST_REQ />
				<GVT_FUND_SOURCE />
				<GVT_INTEL_POSN />
				<GVT_LEO_POSITION />
				<GVT_MOB_POSN_IND />
				<GVT_PROC_INTEG_PSN />
				<GVT_PRESIDENT_APPT />
				<GVT_NTE_DATE />
				<GVT_OCC_SERIES />
				<GVT_PAR_NBR />
				<GVT_PAREN_TITLE />
				<GVT_PERF_PLAN />
				<GVT_POI />
				<GVT_POSN_LOC />
				<GVT_POSN_OCCUPIED />
				<GVT_POSN_SENS_CD />
				<SECURITY_CLEARANCE />
				<GVT_STAFF_LINE />
				<GVT_LAST_AUDIT_DT />
				<GVT_AUDITED_BY_ID />
				<GVT_OBLIGATED_TO />
				<GVT_OBLIG_EXPIR_DT />
				<GVT_TARGET_GRADE />
				<GVT_PI_UPD_IND />
				<GVT_EXEC_FIN_DISCL />
				<GVT_EMP_FIN_INT />
				<REG_REGION />
				<CLASS_INDC />
				<ENCUMBER_INDC />
				<FTE />
				<POSITION_POOL_ID />
				<EG_ACADEMIC_RANK />
				<EG_GROUP />
				<ENCUMB_SAL_OPTN />
				<ENCUMB_SAL_AMT />
				<HEALTH_CERTIFICATE />
				<SIGN_AUTHORITY />
				<ADDS_TO_FTE_ACTUAL />
				<SAL_ADMIN_PLAN />
				<GRADE />
				<GRADE_FROM />
				<STEP_FROM />
				<GRADE_TO />
				<STEP_TO />
				<STEP />
				<JOB_PROFILE_ID />
				<PKG_TEMPLATE_ID />
				<PKG_RULE_ID />
				<SUPV_LVL_ID />
				<INCLUDE_SALPLN_FLG />
				<POSN_DATA_MESSAGE />
				<HE_MED_OFF_IND />
				<HE_SE_TYPE />
				<HE_TERM_ID />
				<HE_POS_SUBJECT_TO />
				<HE_ACTIVITY_FUNC />
				<HE_REASON_CODE />
				<FUNCTION_CD />
				<DESCRLONG />
			</record>
			<record>
				<POSITION_NBR />
				<EFFDT />
				<EFF_STATUS />
				<DESCR />
				<DESCRSHORT />
				<ACTION />
				<ACTION_REASON />
				<ACTION_DT />
				<BUSINESS_UNIT />
				<DEPTID />
				<JOBCODE />
				<POSN_STATUS />
				<STATUS_DT />
				<BUDGETED_POSN />
				<CONFIDENTIAL_POSN />
				<KEY_POSITION />
				<JOB_SHARE />
				<MAX_HEAD_COUNT />
				<UPDATE_INCUMBENTS />
				<REPORTS_TO />
				<REPORT_DOTTED_LINE />
				<ORGCODE />
				<ORGCODE_FLAG />
				<LOCATION />
				<MAIL_DROP />
				<COUNTRY_CODE />
				<PHONE />
				<COMPANY />
				<STD_HOURS />
				<STD_HRS_FREQUENCY />
				<UNION_CD />
				<SHIFT />
				<REG_TEMP />
				<FULL_PART_TIME />
				<MON_HRS />
				<TUES_HRS />
				<WED_HRS />
				<THURS_HRS />
				<FRI_HRS />
				<SAT_HRS />
				<SUN_HRS />
				<BARG_UNIT />
				<GVT_PAY_PLAN />
				<SEASONAL />
				<TRN_PROGRAM />
				<LANGUAGE_SKILL />
				<MANAGER_LEVEL />
				<FLSA_STATUS />
				<GVT_WIP_STATUS />
				<GVT_STATUS_TYPE />
				<GVT_WORK_SCHED />
				<GVT_SUB_AGENCY />
				<GVT_DT_POSN_ESTAB />
				<GVT_COMP_AREA />
				<GVT_COMP_LEVEL />
				<GVT_ORG_TTL_CD />
				<GVT_ORG_TTL_DESCR />
				<GVT_DRUG_TEST_REQ />
				<GVT_FUND_SOURCE />
				<GVT_INTEL_POSN />
				<GVT_LEO_POSITION />
				<GVT_MOB_POSN_IND />
				<GVT_PROC_INTEG_PSN />
				<GVT_PRESIDENT_APPT />
				<GVT_NTE_DATE />
				<GVT_OCC_SERIES />
				<GVT_PAR_NBR />
				<GVT_PAREN_TITLE />
				<GVT_PERF_PLAN />
				<GVT_POI />
				<GVT_POSN_LOC />
				<GVT_POSN_OCCUPIED />
				<GVT_POSN_SENS_CD />
				<SECURITY_CLEARANCE />
				<GVT_STAFF_LINE />
				<GVT_LAST_AUDIT_DT />
				<GVT_AUDITED_BY_ID />
				<GVT_OBLIGATED_TO />
				<GVT_OBLIG_EXPIR_DT />
				<GVT_TARGET_GRADE />
				<GVT_PI_UPD_IND />
				<GVT_EXEC_FIN_DISCL />
				<GVT_EMP_FIN_INT />
				<REG_REGION />
				<CLASS_INDC />
				<ENCUMBER_INDC />
				<FTE />
				<POSITION_POOL_ID />
				<EG_ACADEMIC_RANK />
				<EG_GROUP />
				<ENCUMB_SAL_OPTN />
				<ENCUMB_SAL_AMT />
				<HEALTH_CERTIFICATE />
				<SIGN_AUTHORITY />
				<ADDS_TO_FTE_ACTUAL />
				<SAL_ADMIN_PLAN />
				<GRADE />
				<GRADE_FROM />
				<STEP_FROM />
				<GRADE_TO />
				<STEP_TO />
				<STEP />
				<JOB_PROFILE_ID />
				<PKG_TEMPLATE_ID />
				<PKG_RULE_ID />
				<SUPV_LVL_ID />
				<INCLUDE_SALPLN_FLG />
				<POSN_DATA_MESSAGE />
				<HE_MED_OFF_IND />
				<HE_SE_TYPE />
				<HE_TERM_ID />
				<HE_POS_SUBJECT_TO />
				<HE_ACTIVITY_FUNC />
				<HE_REASON_CODE />
				<FUNCTION_CD />
				<DESCRLONG />
			</record>
		</PS_POSITION_DATA>
		<PS_JOBCODE_TBL xmlns="">
			<record>
				<SETID />
				<JOBCODE />
				<EFFDT />
				<EFF_STATUS />
				<DESCR />
				<DESCRSHORT />
				<JOB_FUNCTION />
				<SETID_SALARY />
				<SAL_ADMIN_PLAN />
				<GRADE />
				<STEP />
				<MANAGER_LEVEL />
				<SURVEY_SALARY />
				<SURVEY_JOB_CODE />
				<UNION_CD />
				<RETRO_RATE />
				<RETRO_PERCENT />
				<CURRENCY_CD />
				<STD_HOURS />
				<STD_HRS_FREQUENCY />
				<COMP_FREQUENCY />
				<WORKERS_COMP_CD />
				<JOB_FAMILY />
				<JOB_KNOWHOW_POINTS />
				<JOB_ACCNTAB_POINTS />
				<JOB_PROBSLV_POINTS />
				<JOB_POINTS_TOTAL />
				<JOB_KNOWHOW_PCT />
				<JOB_ACCNTAB_PCT />
				<JOB_PROBSLV_PCT />
				<REG_TEMP />
				<DIRECTLY_TIPPED />
				<MED_CHKUP_REQ />
				<FLSA_STATUS />
				<EEO1CODE />
				<EEO4CODE />
				<EEO5CODE />
				<EEO6CODE />
				<EEO_JOB_GROUP />
				<US_SOC_CD />
				<IPEDSSCODE />
				<US_OCC_CD />
				<CAN_PAYEQ_JOB_CLS />
				<CAN_NOC_CD />
				<SEASONAL />
				<BPS_ACTIVITY_CD />
				<FUNCTION_CD />
				<BA_CD />
				<TECHNICAL />
				<MED_SURV_REQ />
				<EMP_CATEGRY_FRA />
				<ACTIVITY_TYPE_FRA />
				<INSEE_CD_FRA />
				<JOB_CTG_FRA_CD />
				<UK_SOC_CD />
				<GVT_PAY_PLAN />
				<GVT_OCC_SERIES />
				<TRN_PROGRAM />
				<COMPANY />
				<GVT_FUNC_CLASS />
				<GVT_POSN_TITLE_CD />
				<GVT_OFFICIAL_DESCR />
				<GVT_ORG_TTL_CD />
				<GVT_ORG_TTL_DESCR />
				<GVT_PAY_BASIS />
				<GVT_SUB_AGENCY />
				<GVT_POI />
				<GVT_PAREN_TITLE />
				<GVT_OPM_CERT_NBR />
				<GVT_POSN_CLASS_STD />
				<GVT_POSN_SENS_CD />
				<GVT_IA_ACTIONS />
				<GVT_EXEC_FIN_DISCL />
				<GVT_EMP_FIN_INT />
				<GVT_PATCOB_CD />
				<GVT_CLS_STANDARD />
				<GVT_CLASSIFIER_ID />
				<GVT_DT_CLASSIFIED />
				<BARG_UNIT />
				<GVT_FUND_SOURCE />
				<GVT_LEO_POSITION />
				<GVT_PERF_PLAN />
				<GVT_TARGET_GRADE />
				<GVT_PI_UPD_IND />
				<ENCUMBER_INDC />
				<POSN_MGMT_INDC />
				<EG_ACADEMIC_RANK />
				<EG_GROUP />
				<HP_STATS_DUTIES />
				<HP_STATS_RPT_FLAG />
				<ENCUMB_SAL_OPTN />
				<ENCUMB_SAL_AMT />
				<INAIL_CODE />
				<ASCO_CD_AUS />
				<PKG_TEMPLATE_ID />
				<PKG_RULE_ID />
				<FUNCTION_AUS />
				<ANN_CNTACT_HRS_AUS />
				<TEACH_WEEKS_AUS />
				<CASUAL_TYPE_AUS />
				<WORK_DAY_HOURS />
				<FA_PAY_PROGRAM />
				<ELECTION_GROUP />
				<LABOR_AGREEMENT />
				<FP_PROF_CATG />
				<FP_JOB_FMLY />
				<FP_OFF_COLAG />
				<FP_MATRIX_TYP />
				<FP_MATRIX_CD />
				<FP_BUSINESS_CD />
				<FP_JOBCD_ACC />
				<FP_ATCH_AREA />
				<FP_JOB_TYP />
				<FP_AUTO_RATFY />
				<LAST_UPDATE_DATE />
				<REG_REGION />
				<SAL_RANGE_MIN_RATE />
				<SAL_RANGE_MID_RATE />
				<SAL_RANGE_MAX_RATE />
				<SAL_RANGE_CURRENCY />
				<SAL_RANGE_FREQ />
				<JOB_PROFILE_ID />
				<DESCRLONG />
			</record>
			<record>
				<SETID />
				<JOBCODE />
				<EFFDT />
				<EFF_STATUS />
				<DESCR />
				<DESCRSHORT />
				<JOB_FUNCTION />
				<SETID_SALARY />
				<SAL_ADMIN_PLAN />
				<GRADE />
				<STEP />
				<MANAGER_LEVEL />
				<SURVEY_SALARY />
				<SURVEY_JOB_CODE />
				<UNION_CD />
				<RETRO_RATE />
				<RETRO_PERCENT />
				<CURRENCY_CD />
				<STD_HOURS />
				<STD_HRS_FREQUENCY />
				<COMP_FREQUENCY />
				<WORKERS_COMP_CD />
				<JOB_FAMILY />
				<JOB_KNOWHOW_POINTS />
				<JOB_ACCNTAB_POINTS />
				<JOB_PROBSLV_POINTS />
				<JOB_POINTS_TOTAL />
				<JOB_KNOWHOW_PCT />
				<JOB_ACCNTAB_PCT />
				<JOB_PROBSLV_PCT />
				<REG_TEMP />
				<DIRECTLY_TIPPED />
				<MED_CHKUP_REQ />
				<FLSA_STATUS />
				<EEO1CODE />
				<EEO4CODE />
				<EEO5CODE />
				<EEO6CODE />
				<EEO_JOB_GROUP />
				<US_SOC_CD />
				<IPEDSSCODE />
				<US_OCC_CD />
				<CAN_PAYEQ_JOB_CLS />
				<CAN_NOC_CD />
				<SEASONAL />
				<BPS_ACTIVITY_CD />
				<FUNCTION_CD />
				<BA_CD />
				<TECHNICAL />
				<MED_SURV_REQ />
				<EMP_CATEGRY_FRA />
				<ACTIVITY_TYPE_FRA />
				<INSEE_CD_FRA />
				<JOB_CTG_FRA_CD />
				<UK_SOC_CD />
				<GVT_PAY_PLAN />
				<GVT_OCC_SERIES />
				<TRN_PROGRAM />
				<COMPANY />
				<GVT_FUNC_CLASS />
				<GVT_POSN_TITLE_CD />
				<GVT_OFFICIAL_DESCR />
				<GVT_ORG_TTL_CD />
				<GVT_ORG_TTL_DESCR />
				<GVT_PAY_BASIS />
				<GVT_SUB_AGENCY />
				<GVT_POI />
				<GVT_PAREN_TITLE />
				<GVT_OPM_CERT_NBR />
				<GVT_POSN_CLASS_STD />
				<GVT_POSN_SENS_CD />
				<GVT_IA_ACTIONS />
				<GVT_EXEC_FIN_DISCL />
				<GVT_EMP_FIN_INT />
				<GVT_PATCOB_CD />
				<GVT_CLS_STANDARD />
				<GVT_CLASSIFIER_ID />
				<GVT_DT_CLASSIFIED />
				<BARG_UNIT />
				<GVT_FUND_SOURCE />
				<GVT_LEO_POSITION />
				<GVT_PERF_PLAN />
				<GVT_TARGET_GRADE />
				<GVT_PI_UPD_IND />
				<ENCUMBER_INDC />
				<POSN_MGMT_INDC />
				<EG_ACADEMIC_RANK />
				<EG_GROUP />
				<HP_STATS_DUTIES />
				<HP_STATS_RPT_FLAG />
				<ENCUMB_SAL_OPTN />
				<ENCUMB_SAL_AMT />
				<INAIL_CODE />
				<ASCO_CD_AUS />
				<PKG_TEMPLATE_ID />
				<PKG_RULE_ID />
				<FUNCTION_AUS />
				<ANN_CNTACT_HRS_AUS />
				<TEACH_WEEKS_AUS />
				<CASUAL_TYPE_AUS />
				<WORK_DAY_HOURS />
				<FA_PAY_PROGRAM />
				<ELECTION_GROUP />
				<LABOR_AGREEMENT />
				<FP_PROF_CATG />
				<FP_JOB_FMLY />
				<FP_OFF_COLAG />
				<FP_MATRIX_TYP />
				<FP_MATRIX_CD />
				<FP_BUSINESS_CD />
				<FP_JOBCD_ACC />
				<FP_ATCH_AREA />
				<FP_JOB_TYP />
				<FP_AUTO_RATFY />
				<LAST_UPDATE_DATE />
				<REG_REGION />
				<SAL_RANGE_MIN_RATE />
				<SAL_RANGE_MID_RATE />
				<SAL_RANGE_MAX_RATE />
				<SAL_RANGE_CURRENCY />
				<SAL_RANGE_FREQ />
				<JOB_PROFILE_ID />
				<DESCRLONG />
			</record>
			<record>
				<SETID />
				<JOBCODE />
				<EFFDT />
				<EFF_STATUS />
				<DESCR />
				<DESCRSHORT />
				<JOB_FUNCTION />
				<SETID_SALARY />
				<SAL_ADMIN_PLAN />
				<GRADE />
				<STEP />
				<MANAGER_LEVEL />
				<SURVEY_SALARY />
				<SURVEY_JOB_CODE />
				<UNION_CD />
				<RETRO_RATE />
				<RETRO_PERCENT />
				<CURRENCY_CD />
				<STD_HOURS />
				<STD_HRS_FREQUENCY />
				<COMP_FREQUENCY />
				<WORKERS_COMP_CD />
				<JOB_FAMILY />
				<JOB_KNOWHOW_POINTS />
				<JOB_ACCNTAB_POINTS />
				<JOB_PROBSLV_POINTS />
				<JOB_POINTS_TOTAL />
				<JOB_KNOWHOW_PCT />
				<JOB_ACCNTAB_PCT />
				<JOB_PROBSLV_PCT />
				<REG_TEMP />
				<DIRECTLY_TIPPED />
				<MED_CHKUP_REQ />
				<FLSA_STATUS />
				<EEO1CODE />
				<EEO4CODE />
				<EEO5CODE />
				<EEO6CODE />
				<EEO_JOB_GROUP />
				<US_SOC_CD />
				<IPEDSSCODE />
				<US_OCC_CD />
				<CAN_PAYEQ_JOB_CLS />
				<CAN_NOC_CD />
				<SEASONAL />
				<BPS_ACTIVITY_CD />
				<FUNCTION_CD />
				<BA_CD />
				<TECHNICAL />
				<MED_SURV_REQ />
				<EMP_CATEGRY_FRA />
				<ACTIVITY_TYPE_FRA />
				<INSEE_CD_FRA />
				<JOB_CTG_FRA_CD />
				<UK_SOC_CD />
				<GVT_PAY_PLAN />
				<GVT_OCC_SERIES />
				<TRN_PROGRAM />
				<COMPANY />
				<GVT_FUNC_CLASS />
				<GVT_POSN_TITLE_CD />
				<GVT_OFFICIAL_DESCR />
				<GVT_ORG_TTL_CD />
				<GVT_ORG_TTL_DESCR />
				<GVT_PAY_BASIS />
				<GVT_SUB_AGENCY />
				<GVT_POI />
				<GVT_PAREN_TITLE />
				<GVT_OPM_CERT_NBR />
				<GVT_POSN_CLASS_STD />
				<GVT_POSN_SENS_CD />
				<GVT_IA_ACTIONS />
				<GVT_EXEC_FIN_DISCL />
				<GVT_EMP_FIN_INT />
				<GVT_PATCOB_CD />
				<GVT_CLS_STANDARD />
				<GVT_CLASSIFIER_ID />
				<GVT_DT_CLASSIFIED />
				<BARG_UNIT />
				<GVT_FUND_SOURCE />
				<GVT_LEO_POSITION />
				<GVT_PERF_PLAN />
				<GVT_TARGET_GRADE />
				<GVT_PI_UPD_IND />
				<ENCUMBER_INDC />
				<POSN_MGMT_INDC />
				<EG_ACADEMIC_RANK />
				<EG_GROUP />
				<HP_STATS_DUTIES />
				<HP_STATS_RPT_FLAG />
				<ENCUMB_SAL_OPTN />
				<ENCUMB_SAL_AMT />
				<INAIL_CODE />
				<ASCO_CD_AUS />
				<PKG_TEMPLATE_ID />
				<PKG_RULE_ID />
				<FUNCTION_AUS />
				<ANN_CNTACT_HRS_AUS />
				<TEACH_WEEKS_AUS />
				<CASUAL_TYPE_AUS />
				<WORK_DAY_HOURS />
				<FA_PAY_PROGRAM />
				<ELECTION_GROUP />
				<LABOR_AGREEMENT />
				<FP_PROF_CATG />
				<FP_JOB_FMLY />
				<FP_OFF_COLAG />
				<FP_MATRIX_TYP />
				<FP_MATRIX_CD />
				<FP_BUSINESS_CD />
				<FP_JOBCD_ACC />
				<FP_ATCH_AREA />
				<FP_JOB_TYP />
				<FP_AUTO_RATFY />
				<LAST_UPDATE_DATE />
				<REG_REGION />
				<SAL_RANGE_MIN_RATE />
				<SAL_RANGE_MID_RATE />
				<SAL_RANGE_MAX_RATE />
				<SAL_RANGE_CURRENCY />
				<SAL_RANGE_FREQ />
				<JOB_PROFILE_ID />
				<DESCRLONG />
			</record>
		</PS_JOBCODE_TBL>
	</Data>
</eForm>
