<?xml version="1.0" encoding="UTF-8"?>
<xforms xmlns:mvc="http://www.hyfinity.com/mvc" xmlns="http://www.hyfinity.com/formmaker">
	<instance_configuration />
	<page />
	<group name="HR_ONLY_TAB_BODY" />
	<element name="supervisorProbationRequired">
		<label_xpath>enter_xpath_here</label_xpath>
		<repeat_xpath>/mvc:eForm/mvc:Data/lookup/record[LTYPE='Grade']</repeat_xpath>
		<value_xpath>NAME</value_xpath>
		<text_xpath>LABEL</text_xpath>
		<description />
		<fm:transform_xpath xmlns:fm="http://www.hyfinity.com/formmaker">/mvc:eForm/mvc:Data/mvc:formData/mvc:supervisorProbationRequired</fm:transform_xpath>
		<fm:action name="showJob" xmlns:fm="http://www.hyfinity.com/formmaker">
			<xform_xpath>enter_xpath_here</xform_xpath>
		</fm:action>
		<fm:action name="showHROnly" xmlns:fm="http://www.hyfinity.com/formmaker">
			<xform_xpath>enter_xpath_here</xform_xpath>
		</fm:action>
		<fm:action name="showApprovals" xmlns:fm="http://www.hyfinity.com/formmaker">
			<xform_xpath>enter_xpath_here</xform_xpath>
		</fm:action>
		<fm:action name="showCloseOut" xmlns:fm="http://www.hyfinity.com/formmaker">
			<xform_xpath>enter_xpath_here</xform_xpath>
		</fm:action>
	</element>
	<element name="priorityPlacementProgram">
		<label_xpath>enter_xpath_here</label_xpath>
		<repeat_xpath>/mvc:eForm/mvc:Data/lookup/record[LTYPE='Grade']</repeat_xpath>
		<value_xpath>NAME</value_xpath>
		<text_xpath>LABEL</text_xpath>
		<description />
		<fm:transform_xpath xmlns:fm="http://www.hyfinity.com/formmaker">/mvc:eForm/mvc:Data/mvc:formData/mvc:priorityPlacementProgram</fm:transform_xpath>
		<fm:action name="showJob" xmlns:fm="http://www.hyfinity.com/formmaker">
			<xform_xpath>enter_xpath_here</xform_xpath>
		</fm:action>
		<fm:action name="showHROnly" xmlns:fm="http://www.hyfinity.com/formmaker">
			<xform_xpath>enter_xpath_here</xform_xpath>
		</fm:action>
		<fm:action name="showApprovals" xmlns:fm="http://www.hyfinity.com/formmaker">
			<xform_xpath>enter_xpath_here</xform_xpath>
		</fm:action>
		<fm:action name="showCloseOut" xmlns:fm="http://www.hyfinity.com/formmaker">
			<xform_xpath>enter_xpath_here</xform_xpath>
		</fm:action>
	</element>
	<element name="priorityPlacementProgramStartDate">
		<fm:transform_xpath xmlns:fm="http://www.hyfinity.com/formmaker">/mvc:eForm/mvc:Data/mvc:formData/mvc:priorityPlacementProgramStartDate</fm:transform_xpath>
		<fm:action name="showJob" xmlns:fm="http://www.hyfinity.com/formmaker">
			<fm:xform_xpath>/mvc:eForm/mvc:Data/mvc:formData/mvc:priorityPlacementProgramStartDate</fm:xform_xpath>
		</fm:action>
		<fm:action name="showHROnly" xmlns:fm="http://www.hyfinity.com/formmaker">
			<fm:xform_xpath>/mvc:eForm/mvc:Data/mvc:formData/mvc:priorityPlacementProgramStartDate</fm:xform_xpath>
		</fm:action>
		<fm:action name="showApprovals" xmlns:fm="http://www.hyfinity.com/formmaker">
			<fm:xform_xpath>/mvc:eForm/mvc:Data/mvc:formData/mvc:priorityPlacementProgramStartDate</fm:xform_xpath>
		</fm:action>
		<fm:action name="showCloseOut" xmlns:fm="http://www.hyfinity.com/formmaker">
			<fm:xform_xpath>/mvc:eForm/mvc:Data/mvc:formData/mvc:priorityPlacementProgramStartDate</fm:xform_xpath>
		</fm:action>
	</element>
	<element name="priorityPlacementProgramEndDate">
		<fm:transform_xpath xmlns:fm="http://www.hyfinity.com/formmaker">/mvc:eForm/mvc:Data/mvc:formData/mvc:priorityPlacementProgramEndDate</fm:transform_xpath>
		<fm:action name="showJob" xmlns:fm="http://www.hyfinity.com/formmaker">
			<fm:xform_xpath>/mvc:eForm/mvc:Data/mvc:formData/mvc:priorityPlacementProgramEndDate</fm:xform_xpath>
		</fm:action>
		<fm:action name="showHROnly" xmlns:fm="http://www.hyfinity.com/formmaker">
			<fm:xform_xpath>/mvc:eForm/mvc:Data/mvc:formData/mvc:priorityPlacementProgramEndDate</fm:xform_xpath>
		</fm:action>
		<fm:action name="showApprovals" xmlns:fm="http://www.hyfinity.com/formmaker">
			<fm:xform_xpath>/mvc:eForm/mvc:Data/mvc:formData/mvc:priorityPlacementProgramEndDate</fm:xform_xpath>
		</fm:action>
		<fm:action name="showCloseOut" xmlns:fm="http://www.hyfinity.com/formmaker">
			<fm:xform_xpath>/mvc:eForm/mvc:Data/mvc:formData/mvc:priorityPlacementProgramEndDate</fm:xform_xpath>
		</fm:action>
	</element>
	<element name="securityClearanceType">
		<fm:action name="showJob" xmlns:fm="http://www.hyfinity.com/formmaker">
			<fm:xform_xpath>/mvc:eForm/mvc:Data/mvc:formData/mvc:securityClearanceType</fm:xform_xpath>
		</fm:action>
		<fm:action name="showHROnly" xmlns:fm="http://www.hyfinity.com/formmaker">
			<fm:xform_xpath>/mvc:eForm/mvc:Data/mvc:formData/mvc:securityClearanceType</fm:xform_xpath>
		</fm:action>
		<fm:action name="showApprovals" xmlns:fm="http://www.hyfinity.com/formmaker">
			<fm:xform_xpath>/mvc:eForm/mvc:Data/mvc:formData/mvc:securityClearanceType</fm:xform_xpath>
		</fm:action>
		<fm:action name="showCloseOut" xmlns:fm="http://www.hyfinity.com/formmaker">
			<fm:xform_xpath>/mvc:eForm/mvc:Data/mvc:formData/mvc:securityClearanceType</fm:xform_xpath>
		</fm:action>
		<transform_xpath>/mvc:eForm/mvc:Data/mvc:formData/mvc:securityClearanceType</transform_xpath>
		<repeat_xpath>/mvc:eForm/mvc:Data/lookup/record[LTYPE='SecurityClearance']</repeat_xpath>
		<value_xpath>NAME</value_xpath>
		<text_xpath>LABEL</text_xpath>
		<description />
	</element>
	<element name="specialSalaryRate">
		<fm:action name="showJob" xmlns:fm="http://www.hyfinity.com/formmaker">
			<fm:xform_xpath>/mvc:eForm/mvc:Data/mvc:formData/mvc:specialSalaryRate</fm:xform_xpath>
		</fm:action>
		<fm:action name="showHROnly" xmlns:fm="http://www.hyfinity.com/formmaker">
			<fm:xform_xpath>/mvc:eForm/mvc:Data/mvc:formData/mvc:specialSalaryRate</fm:xform_xpath>
		</fm:action>
		<fm:action name="showApprovals" xmlns:fm="http://www.hyfinity.com/formmaker">
			<fm:xform_xpath>/mvc:eForm/mvc:Data/mvc:formData/mvc:specialSalaryRate</fm:xform_xpath>
		</fm:action>
		<fm:action name="showCloseOut" xmlns:fm="http://www.hyfinity.com/formmaker">
			<fm:xform_xpath>/mvc:eForm/mvc:Data/mvc:formData/mvc:specialSalaryRate</fm:xform_xpath>
		</fm:action>
		<transform_xpath>/mvc:eForm/mvc:Data/mvc:formData/mvc:specialSalaryRate</transform_xpath>
		<description />
	</element>
	<element name="payTableNumber">
		<fm:transform_xpath xmlns:fm="http://www.hyfinity.com/formmaker">/mvc:eForm/mvc:Data/mvc:formData/mvc:payTableNumber</fm:transform_xpath>
		<fm:action name="showJob" xmlns:fm="http://www.hyfinity.com/formmaker">
			<fm:xform_xpath>/mvc:eForm/mvc:Data/mvc:formData/mvc:payTableNumber</fm:xform_xpath>
		</fm:action>
		<fm:action name="showHROnly" xmlns:fm="http://www.hyfinity.com/formmaker">
			<fm:xform_xpath>/mvc:eForm/mvc:Data/mvc:formData/mvc:payTableNumber</fm:xform_xpath>
		</fm:action>
		<fm:action name="showApprovals" xmlns:fm="http://www.hyfinity.com/formmaker">
			<fm:xform_xpath>/mvc:eForm/mvc:Data/mvc:formData/mvc:payTableNumber</fm:xform_xpath>
		</fm:action>
		<fm:action name="showCloseOut" xmlns:fm="http://www.hyfinity.com/formmaker">
			<fm:xform_xpath>/mvc:eForm/mvc:Data/mvc:formData/mvc:payTableNumber</fm:xform_xpath>
		</fm:action>
	</element>
	<element name="payTableLink">
		<fm:transform_xpath xmlns:fm="http://www.hyfinity.com/formmaker">/mvc:eForm/mvc:Data/mvc:formData/mvc:payTableLink</fm:transform_xpath>
		<fm:action name="showJob" xmlns:fm="http://www.hyfinity.com/formmaker">
			<fm:xform_xpath>/mvc:eForm/mvc:Data/mvc:formData/mvc:payTableLink</fm:xform_xpath>
		</fm:action>
		<fm:action name="showHROnly" xmlns:fm="http://www.hyfinity.com/formmaker">
			<fm:xform_xpath>/mvc:eForm/mvc:Data/mvc:formData/mvc:payTableLink</fm:xform_xpath>
		</fm:action>
		<fm:action name="showApprovals" xmlns:fm="http://www.hyfinity.com/formmaker">
			<fm:xform_xpath>/mvc:eForm/mvc:Data/mvc:formData/mvc:payTableLink</fm:xform_xpath>
		</fm:action>
		<fm:action name="showCloseOut" xmlns:fm="http://www.hyfinity.com/formmaker">
			<fm:xform_xpath>/mvc:eForm/mvc:Data/mvc:formData/mvc:payTableLink</fm:xform_xpath>
		</fm:action>
	</element>
	<group name="payTableNumber_layout_group" />
	<group name="layout_group" />
</xforms>
