<mapping wrapper="eForm_wrapper.xsl"><action desc="Refreshes the xplatform log settings" name="refresh_logs"><destination action="refresh_xplatform_log_settings" /></action><action desc="Retrieves the xplatform status information" name="get_xplatform_info"><destination action="get_xplatform_info" /></action><action desc="Reloads the application" name="reload_application"><destination action="reload_xgate_application" /></action><action desc="This is the default start action to get to the first screen in the system" name="start"><destination action="requestInboundService" desc="Generated by XGen" name="mvc-ihs_AutoCompleteService-view-Page_Painter" runtime_instance="com.hyfinity.xagent.StandardXAgent" type="xagent"><param desc="The XSL to use for the next screen if everything is successfull" name="Page">BizFlowEntry.xsl</param></destination></action><action desc="Performs the SearchDutyStation action" name="SearchDutyStation"><destination action="requestInboundService" desc="Generated by XGen" name="mvc-ihs_AutoCompleteService-view-Page_Painter" runtime_instance="com.hyfinity.xagent.StandardXAgent" type="xagent"><param desc="The XSL to use for the next screen if everything is successfull" name="Page">BizFlowEntry.xsl</param><param desc="The ID of the controller this action should use" name="Controller">mvc-ihs_AutoCompleteService-DutyStationSearch-Controller</param></destination></action><action desc="Performs the SearchManager action" name="SearchManager"><destination action="requestInboundService" desc="Generated by XGen" name="mvc-ihs_AutoCompleteService-view-Page_Painter" runtime_instance="com.hyfinity.xagent.StandardXAgent" type="xagent"><param desc="The XSL to use for the next screen if everything is successfull" name="Page">BizFlowEntry.xsl</param><param desc="The ID of the controller this action should use" name="Controller">mvc-ihs_AutoCompleteService-ManagerSearch-Controller</param></destination></action><action desc="Performs the SearchClassifier action" name="SearchClassifier"><destination action="requestInboundService" desc="Generated by XGen" name="mvc-ihs_AutoCompleteService-view-Page_Painter" runtime_instance="com.hyfinity.xagent.StandardXAgent" type="xagent"><param desc="The XSL to use for the next screen if everything is successfull" name="Page">BizFlowEntry.xsl</param><param desc="The ID of the controller this action should use" name="Controller">mvc-ihs_AutoCompleteService-ClassiferSearch-Controller</param></destination></action><action desc="Performs the SearchAdminCode action" name="SearchAdminCode"><destination action="requestInboundService" desc="Generated by XGen" name="mvc-ihs_AutoCompleteService-view-Page_Painter" runtime_instance="com.hyfinity.xagent.StandardXAgent" type="xagent"><param desc="The XSL to use for the next screen if everything is successfull" name="Page">BizFlowEntry.xsl</param><param desc="The ID of the controller this action should use" name="Controller">mvc-ihs_AutoCompleteService-AdminCodeSearch-Controller</param></destination></action><action desc="Performs the SearchGrade action" name="SearchGrade"><destination action="requestInboundService" desc="Generated by XGen" name="mvc-ihs_AutoCompleteService-view-Page_Painter" runtime_instance="com.hyfinity.xagent.StandardXAgent" type="xagent"><param desc="The XSL to use for the next screen if everything is successfull" name="Page">BizFlowEntry.xsl</param><param desc="The ID of the controller this action should use" name="Controller">mvc-ihs_AutoCompleteService-GradeSearch-Controller</param></destination></action><action desc="Performs the SearchOccSeries action" name="SearchOccSeries"><destination action="requestInboundService" desc="Generated by XGen" name="mvc-ihs_AutoCompleteService-view-Page_Painter" runtime_instance="com.hyfinity.xagent.StandardXAgent" type="xagent"><param desc="The XSL to use for the next screen if everything is successfull" name="Page">BizFlowEntry.xsl</param><param desc="The ID of the controller this action should use" name="Controller">mvc-ihs_AutoCompleteService-OccSeriesSearch-Controller</param></destination></action><action desc="Performs the SendMail action" name="SendMail"><destination action="requestInboundService" desc="Generated by XGen" name="mvc-ihs_AutoCompleteService-view-Page_Painter" runtime_instance="com.hyfinity.xagent.StandardXAgent" type="xagent"><param desc="The XSL to use for the next screen if everything is successfull" name="Page">BizFlowEntry.xsl</param><param desc="The ID of the controller this action should use" name="Controller">mvc-ihs_AutoCompleteService-MailSend-Controller</param></destination></action><action desc="Performs the SearchHRSpecialist action" name="SearchHRSpecialist"><destination action="requestInboundService" desc="Generated by XGen" name="mvc-ihs_AutoCompleteService-view-Page_Painter" runtime_instance="com.hyfinity.xagent.StandardXAgent" type="xagent"><param desc="The XSL to use for the next screen if everything is successfull" name="Page">BizFlowEntry.xsl</param><param desc="The ID of the controller this action should use" name="Controller">mvc-ihs_AutoCompleteService-HRSpecialistSearch-Controller</param></destination></action><action desc="Performs the UpdateReceiveDate action" name="UpdateReceiveDate"><destination action="requestInboundService" desc="Generated by XGen" name="mvc-ihs_AutoCompleteService-view-Page_Painter" runtime_instance="com.hyfinity.xagent.StandardXAgent" type="xagent"><param desc="The XSL to use for the next screen if everything is successfull" name="Page">BizFlowEntry.xsl</param><param desc="The ID of the controller this action should use" name="Controller">mvc-ihs_AutoCompleteService-ReceiveDateUpdate-Controller</param></destination></action><action desc="Performs the SearchUser action" name="SearchUser"><destination action="requestInboundService" desc="Generated by XGen" name="mvc-ihs_AutoCompleteService-view-Page_Painter" runtime_instance="com.hyfinity.xagent.StandardXAgent" type="xagent"><param desc="The XSL to use for the next screen if everything is successfull" name="Page">BizFlowEntry.xsl</param><param desc="The ID of the controller this action should use" name="Controller">mvc-ihs_AutoCompleteService-UserSearch-Controller</param></destination></action><action desc="Performs the LoadFormData action" name="LoadFormData"><destination action="requestInboundService" desc="Generated by XGen" name="mvc-ihs_AutoCompleteService-view-Page_Painter" runtime_instance="com.hyfinity.xagent.StandardXAgent" type="xagent"><param desc="The XSL to use for the next screen if everything is successfull" name="Page">BizFlowEntry.xsl</param><param desc="The ID of the controller this action should use" name="Controller">mvc-ihs_AutoCompleteService-FormData-Controller</param></destination></action></mapping>