<?xml version="1.0" encoding="UTF-8"?>
<hy:rulebase cache="false" context="/" disable="true" forward_chain="false" return="/" xmlns:hy="http://www.hyfinity.com/xengine" xmlns:mvc="http://www.hyfinity.com/mvc" xmlns:xg="http://www.hyfinity.com/xgate">
	<hy:rule base="custom" desc="" disable="false" id="HiringManagerList" priority="10">
		<hy:head>
			<hy:result disable="false" id="getHiringManager">
				<hy:operator>SQL</hy:operator>
				<hy:target action="Query" name="mvc-ihs_AutoCompleteService-IHS_DEV-Database" update="append">
					<hy:params>
						<hy:param name="sql_statement" type="java.lang.String">SELECT m.MEMBERID, m.NAME, m.EMAIL
FROM bizflow.member m
    INNER JOIN bizflow.usrgrpprtcp p ON m.memberid = p.prtcp AND p.usrgrpid = (SELECT memberid FROM bizflow.member WHERE name = 'Hiring Manager' AND type='G')
WHERE m.type='U' 
AND (UPPER(m.name) LIKE CONCAT(UPPER($searchTerm), '%') OR UPPER(m.name) LIKE CONCAT(CONCAT('%, ', UPPER($searchTerm)), '%'))
ORDER BY m.name ASC</hy:param>
						<hy:param name="to_location" type="com.hyfinity.xpath.XPath">/mvc:eForm/mvc:Data</hy:param>
						<hy:param name="$searchTerm" type="string">/mvc:eForm/mvc:Control/mvc:searchString</hy:param>
					</hy:params>
				</hy:target>
			</hy:result>
			<hy:result disable="false" id="renameHiringManager">
				<hy:operator>Rename</hy:operator>
				<hy:target action="rename" name="factbase" update="">
					<hy:params>
						<hy:param name="location" type="com.hyfinity.xpath.XPath">/mvc:eForm/mvc:Data/sql_result[last()]/statement</hy:param>
						<hy:param name="new_name" type="java.lang.String">hiringmanager_list</hy:param>
						<hy:param name="new_namespace" type="java.lang.String" />
					</hy:params>
				</hy:target>
			</hy:result>
			<hy:result disable="false" id="moveHiringManager">
				<hy:operator>Move</hy:operator>
				<hy:target action="add" name="factbase" update="correct_replace">
					<hy:params>
						<hy:param name="from_location" type="com.hyfinity.xpath.XPath">/mvc:eForm/mvc:Data/sql_result[last()]/hiringmanager_list</hy:param>
						<hy:param name="to_location" type="com.hyfinity.xpath.XPath">/mvc:eForm/mvc:Data/sql_result[last()]</hy:param>
					</hy:params>
				</hy:target>
			</hy:result>
		</hy:head>
		<hy:body />
	</hy:rule>
	<hy:rule base="custom" desc="" disable="false" id="write_XML" priority="10">
		<hy:head>
			<hy:result disable="false" id="write_XML">
				<hy:operator>Write</hy:operator>
				<hy:target action="write" name="factbase" update="">
					<hy:params>
						<hy:param name="xpath_to_value" type="com.hyfinity.xpath.XPath">/mvc:eForm/mvc:Data/hiringmanager_list</hy:param>
						<hy:param name="to_location" type="com.hyfinity.xpath.XPath">/mvc:eForm/mvc:Control/mvc:Page</hy:param>
						<hy:param name="autocreate" type="java.lang.String">true</hy:param>
					</hy:params>
				</hy:target>
			</hy:result>
		</hy:head>
		<hy:body />
	</hy:rule>
</hy:rulebase>
