<?xml version="1.0" encoding="UTF-8"?>
<index desc="user 1 collection index file" id="collection_index" name="user1 collection index" xmlns="http://www.hyfinity.com/xstore">
	<entry desc="" docname="ihs/mvc/ihsrec_track/xsd_pool" id="ihs/mvc/ihsrec_track/xsd_pool" timestamp="" />
	<entry desc="" docname="ihs/mvc/ihsrec_track/logicsheet_pool" id="ihs/mvc/ihsrec_track/logicsheet_pool" timestamp="" />
	<entry desc="" docname="ihs/mvc/ihsrec_track/message_pool" id="ihs/mvc/ihsrec_track/message_pool" timestamp="" />
	<entry desc="" docname="ihs/mvc/ihsrec_track/other_resources_pool" id="ihs/mvc/ihsrec_track/other_resources_pool" timestamp="" />
	<entry desc="" docname="ihs/mvc/ihsrec_track/application" id="ihs/mvc/ihsrec_track/application" timestamp="" />
	<entry desc="" docname="ihs/mvc/ihsrec_track/formStructure" id="ihs/mvc/ihsrec_track/formStructure" timestamp="" />
	<entry desc="" docname="ihs/mvc/ihsrec_track/hyfinityBindings" id="ihs/mvc/ihsrec_track/hyfinityBindings" timestamp="" />
	<entry desc="" docname="ihs/mvc/ihsrec_track/xsl_pool" id="ihs/mvc/ihsrec_track/xsl_pool" timestamp="" />
	<entry desc="" docname="ihs/mvc/ihsrec_track/genDefaults" id="ihs/mvc/ihsrec_track/genDefaults" timestamp="" />
	<entry desc="" docname="ihs/mvc/ihsrec_track/L1_pattern_pool" id="ihs/mvc/ihsrec_track/L1_pattern_pool" timestamp="" />
	<entry desc="" docname="ihs/mvc/ihsrec_track/L1_pattern_instance_pool" id="ihs/mvc/ihsrec_track/L1_pattern_instance_pool" timestamp="" />
	<entry desc="" docname="ihs/mvc/ihsrec_track/L2_pattern_pool" id="ihs/mvc/ihsrec_track/L2_pattern_pool" timestamp="" />
	<entry desc="" docname="ihs/mvc/ihsrec_track/L2_pattern_instance_pool" id="ihs/mvc/ihsrec_track/L2_pattern_instance_pool" timestamp="" />
	<entry desc="" docname="ihs/mvc/ihsrec_track/L3_pattern_pool" id="ihs/mvc/ihsrec_track/L3_pattern_pool" timestamp="" />
	<entry desc="" docname="ihs/mvc/ihsrec_track/L3_pattern_instance_pool" id="ihs/mvc/ihsrec_track/L3_pattern_instance_pool" timestamp="" />
</index>
